trip_id,arrival_time,departure_time,stop_id,stop_sequence,stop_headsign,pickup_type,drop_off_type,timepoint
399,07:15:00,07:15:00,88,1,,0,0,1
399,07:57:00,07:57:00,118,2,,0,0,1
399,08:15:00,08:15:00,87,3,,0,0,1
399,08:29:00,08:29:00,114,4,,0,0,1
399,08:38:00,08:38:00,17,5,,0,0,1
399,08:56:00,08:56:00,113,6,,0,0,1
399,09:15:00,09:15:00,112,7,,0,0,1
399,09:18:00,09:18:00,141,8,,0,0,1
412,05:03:00,05:03:00,141,1,,0,0,1
412,05:11:00,05:11:00,112,2,,0,0,1
412,05:30:00,05:30:00,113,3,,0,0,1
412,05:44:00,05:44:00,17,4,,0,0,1
412,05:51:00,05:51:00,114,5,,0,0,1
412,06:10:00,06:10:00,87,6,,0,0,1
412,06:26:00,06:26:00,118,7,,0,0,1
412,07:05:00,07:05:00,88,8,,0,0,1
601,07:18:00,07:18:00,17,1,,0,0,1
601,07:30:00,07:30:00,115,2,,0,0,1
601,07:39:00,07:39:00,87,3,,0,0,1
601,07:46:00,07:46:00,11,4,,0,0,1
601,07:54:00,07:54:00,24,5,,0,0,1
601,07:58:00,07:58:00,111,6,,0,0,1
603,08:48:00,08:48:00,17,1,,0,0,1
603,09:00:00,09:00:00,115,2,,0,0,1
603,09:09:00,09:09:00,87,3,,0,0,1
603,09:16:00,09:16:00,11,4,,0,0,1
603,09:24:00,09:24:00,24,5,,0,0,1
603,09:28:00,09:28:00,111,6,,0,0,1
622,06:40:00,06:40:00,24,1,,0,0,1
622,06:48:00,06:48:00,11,2,,0,0,1
622,06:56:00,06:56:00,87,3,,0,0,1
622,07:03:00,07:03:00,115,4,,0,0,1
622,07:12:00,07:12:00,17,5,,0,0,1
624,08:03:00,08:03:00,111,1,,0,0,1
624,08:10:00,08:10:00,24,2,,0,0,1
624,08:18:00,08:18:00,11,3,,0,0,1
624,08:26:00,08:26:00,87,4,,0,0,1
624,08:33:00,08:33:00,115,5,,0,0,1
624,08:42:00,08:42:00,17,6,,0,0,1
626,09:33:00,09:33:00,111,1,,0,0,1
626,09:40:00,09:40:00,24,2,,0,0,1
626,09:48:00,09:48:00,11,3,,0,0,1
626,09:56:00,09:56:00,87,4,,0,0,1
626,10:03:00,10:03:00,115,5,,0,0,1
626,10:12:00,10:12:00,17,6,,0,0,1
706,04:34:00,04:34:00,62,1,,0,0,1
706,04:36:00,04:36:00,61,2,,0,0,1
706,04:40:00,04:40:00,37,3,,0,0,1
706,04:43:00,04:43:00,103,4,,0,0,1
706,04:49:00,04:49:00,105,5,,0,0,1
706,04:52:00,04:52:00,39,6,,0,0,1
706,04:56:00,04:56:00,104,7,,0,0,1
706,04:58:00,04:58:00,142,8,,0,0,1
706,05:04:00,05:04:00,16,9,,0,0,1
719,05:06:00,05:06:00,16,1,,0,1,1
719,05:12:00,05:12:00,149,2,,1,0,1
719,05:16:00,05:16:00,43,3,,1,0,1
719,05:19:00,05:19:00,150,4,,1,0,1
719,05:25:00,05:25:00,151,5,,1,0,1
719,05:28:00,05:28:00,45,6,,1,0,1
719,05:32:00,05:32:00,46,7,,1,0,1
719,05:34:00,05:34:00,62,8,,0,0,1
733,04:49:00,04:49:00,48,1,,0,0,1
733,04:51:00,04:51:00,49,2,,0,0,1
733,04:52:00,04:52:00,50,3,,0,0,1
733,04:54:00,04:54:00,51,4,,0,0,1
733,04:56:00,04:56:00,52,5,,0,0,1
733,04:58:00,04:58:00,145,6,,0,0,1
733,05:04:00,05:04:00,16,7,,0,0,1
749,05:06:00,05:06:00,16,1,,0,0,1
749,05:12:00,05:12:00,55,2,,1,0,1
749,05:14:00,05:14:00,56,3,,1,0,1
749,05:16:00,05:16:00,57,4,,1,0,1
749,05:18:00,05:18:00,58,5,,1,0,1
749,05:19:00,05:19:00,49,6,,1,0,1
749,05:21:00,05:21:00,48,7,,0,0,1
1318,08:42:00,08:42:00,141,1,,0,0,1
1318,08:50:00,08:50:00,112,2,,0,0,1
1318,09:09:00,09:09:00,113,3,,0,0,1
1318,09:23:00,09:23:00,17,4,,0,0,1
1318,09:30:00,09:30:00,114,5,,0,0,1
1318,09:49:00,09:49:00,87,6,,0,0,1
1318,10:05:00,10:05:00,118,7,,0,0,1
1318,10:44:00,10:44:00,88,8,,0,0,1
1332,09:18:00,09:18:00,87,1,,0,0,1
1332,09:32:00,09:32:00,114,2,,0,0,1
1332,09:41:00,09:41:00,17,3,,0,0,1
1332,09:53:00,09:53:00,113,4,,0,0,1
1332,10:12:00,10:12:00,112,5,,0,0,1
1332,10:15:00,10:15:00,141,6,,0,0,1
1576,08:56:00,08:56:00,87,1,,0,0,1
1576,09:09:00,09:09:00,120,2,,0,0,1
1576,09:26:00,09:26:00,17,3,,0,0,1
1576,09:33:00,09:33:00,90,4,,0,0,1
1576,09:40:00,09:40:00,25,5,,0,0,1
1576,09:49:00,09:49:00,89,6,,0,0,1
1576,09:52:00,09:52:00,113,7,,0,0,1
1577,09:59:00,09:59:00,87,1,,0,0,1
1577,10:12:00,10:12:00,120,2,,0,0,1
1577,10:29:00,10:29:00,17,3,,0,0,1
1577,10:36:00,10:36:00,90,4,,0,0,1
1577,10:43:00,10:43:00,25,5,,0,0,1
1577,10:52:00,10:52:00,89,6,,0,0,1
1577,10:55:00,10:55:00,113,7,,0,0,1
1578,10:59:00,10:59:00,87,1,,0,0,1
1578,11:12:00,11:12:00,120,2,,0,0,1
1578,11:29:00,11:29:00,17,3,,0,0,1
1578,11:36:00,11:36:00,90,4,,0,0,1
1578,11:43:00,11:43:00,25,5,,0,0,1
1578,11:52:00,11:52:00,89,6,,0,0,1
1578,11:55:00,11:55:00,113,7,,0,0,1
1579,11:40:00,11:40:00,87,1,,0,0,1
1579,11:53:00,11:53:00,120,2,,0,0,1
1579,12:10:00,12:10:00,17,3,,0,0,1
1579,12:17:00,12:17:00,90,4,,0,0,1
1579,12:24:00,12:24:00,25,5,,0,0,1
1579,12:33:00,12:33:00,89,6,,0,0,1
1579,12:36:00,12:36:00,113,7,,0,0,1
1580,12:21:00,12:21:00,87,1,,0,0,1
1580,12:34:00,12:34:00,120,2,,0,0,1
1580,12:51:00,12:51:00,17,3,,0,0,1
1580,12:58:00,12:58:00,90,4,,0,0,1
1580,13:05:00,13:05:00,25,5,,0,0,1
1580,13:14:00,13:14:00,89,6,,0,0,1
1580,13:17:00,13:17:00,113,7,,0,0,1
1581,13:02:00,13:02:00,87,1,,0,0,1
1581,13:15:00,13:15:00,120,2,,0,0,1
1581,13:32:00,13:32:00,17,3,,0,0,1
1581,13:39:00,13:39:00,90,4,,0,0,1
1581,13:46:00,13:46:00,25,5,,0,0,1
1581,13:55:00,13:55:00,89,6,,0,0,1
1581,13:58:00,13:58:00,113,7,,0,0,1
1582,13:43:00,13:43:00,87,1,,0,0,1
1582,13:56:00,13:56:00,120,2,,0,0,1
1582,14:13:00,14:13:00,17,3,,0,0,1
1582,14:20:00,14:20:00,90,4,,0,0,1
1582,14:27:00,14:27:00,25,5,,0,0,1
1582,14:36:00,14:36:00,89,6,,0,0,1
1582,14:39:00,14:39:00,113,7,,0,0,1
1583,14:24:00,14:24:00,87,1,,0,0,1
1583,14:37:00,14:37:00,120,2,,0,0,1
1583,14:54:00,14:54:00,17,3,,0,0,1
1583,15:01:00,15:01:00,90,4,,0,0,1
1583,15:08:00,15:08:00,25,5,,0,0,1
1583,15:17:00,15:17:00,89,6,,0,0,1
1583,15:20:00,15:20:00,113,7,,0,0,1
1584,15:05:00,15:05:00,87,1,,0,0,1
1584,15:18:00,15:18:00,120,2,,0,0,1
1584,15:35:00,15:35:00,17,3,,0,0,1
1584,15:42:00,15:42:00,90,4,,0,0,1
1584,15:49:00,15:49:00,25,5,,0,0,1
1584,15:58:00,15:58:00,89,6,,0,0,1
1584,16:01:00,16:01:00,113,7,,0,0,1
1585,15:46:00,15:46:00,87,1,,0,0,1
1585,15:59:00,15:59:00,120,2,,0,0,1
1585,16:16:00,16:16:00,17,3,,0,0,1
1585,16:23:00,16:23:00,90,4,,0,0,1
1585,16:30:00,16:30:00,25,5,,0,0,1
1585,16:39:00,16:39:00,89,6,,0,0,1
1585,16:42:00,16:42:00,113,7,,0,0,1
1586,16:27:00,16:27:00,87,1,,0,0,1
1586,16:40:00,16:40:00,120,2,,0,0,1
1586,16:57:00,16:57:00,17,3,,0,0,1
1586,17:04:00,17:04:00,90,4,,0,0,1
1586,17:11:00,17:11:00,25,5,,0,0,1
1586,17:20:00,17:20:00,89,6,,0,0,1
1586,17:23:00,17:23:00,113,7,,0,0,1
1587,17:08:00,17:08:00,87,1,,0,0,1
1587,17:21:00,17:21:00,120,2,,0,0,1
1587,17:38:00,17:38:00,17,3,,0,0,1
1587,17:45:00,17:45:00,90,4,,0,0,1
1587,17:52:00,17:52:00,25,5,,0,0,1
1587,18:01:00,18:01:00,89,6,,0,0,1
1587,18:04:00,18:04:00,113,7,,0,0,1
1588,17:49:00,17:49:00,87,1,,0,0,1
1588,18:02:00,18:02:00,120,2,,0,0,1
1588,18:19:00,18:19:00,17,3,,0,0,1
1588,18:26:00,18:26:00,90,4,,0,0,1
1588,18:33:00,18:33:00,25,5,,0,0,1
1588,18:42:00,18:42:00,89,6,,0,0,1
1588,18:45:00,18:45:00,113,7,,0,0,1
1589,18:30:00,18:30:00,87,1,,0,0,1
1589,18:43:00,18:43:00,120,2,,0,0,1
1589,19:00:00,19:00:00,17,3,,0,0,1
1589,19:07:00,19:07:00,90,4,,0,0,1
1589,19:14:00,19:14:00,25,5,,0,0,1
1589,19:23:00,19:23:00,89,6,,0,0,1
1589,19:26:00,19:26:00,113,7,,0,0,1
1590,19:11:00,19:11:00,87,1,,0,0,1
1590,19:24:00,19:24:00,120,2,,0,0,1
1590,19:41:00,19:41:00,17,3,,0,0,1
1590,19:48:00,19:48:00,90,4,,0,0,1
1590,19:55:00,19:55:00,25,5,,0,0,1
1590,20:04:00,20:04:00,89,6,,0,0,1
1590,20:07:00,20:07:00,113,7,,0,0,1
1591,19:52:00,19:52:00,87,1,,0,0,1
1591,20:05:00,20:05:00,120,2,,0,0,1
1591,20:22:00,20:22:00,17,3,,0,0,1
1591,20:29:00,20:29:00,90,4,,0,0,1
1591,20:36:00,20:36:00,25,5,,0,0,1
1591,20:45:00,20:45:00,89,6,,0,0,1
1591,20:48:00,20:48:00,113,7,,0,0,1
1592,20:33:00,20:33:00,87,1,,0,0,1
1592,20:46:00,20:46:00,120,2,,0,0,1
1592,21:03:00,21:03:00,17,3,,0,0,1
1592,21:10:00,21:10:00,90,4,,0,0,1
1592,21:17:00,21:17:00,25,5,,0,0,1
1592,21:26:00,21:26:00,89,6,,0,0,1
1592,21:29:00,21:29:00,113,7,,0,0,1
1593,08:58:00,08:58:00,113,1,,0,0,1
1593,09:04:00,09:04:00,89,2,,0,0,1
1593,09:13:00,09:13:00,25,3,,0,0,1
1593,09:19:00,09:19:00,90,4,,0,0,1
1593,09:26:00,09:26:00,17,5,,0,0,1
1593,09:40:00,09:40:00,120,6,,0,0,1
1593,09:50:00,09:50:00,87,7,,0,0,1
1594,09:58:00,09:58:00,113,1,,0,0,1
1594,10:04:00,10:04:00,89,2,,0,0,1
1594,10:13:00,10:13:00,25,3,,0,0,1
1594,10:19:00,10:19:00,90,4,,0,0,1
1594,10:26:00,10:26:00,17,5,,0,0,1
1594,10:40:00,10:40:00,120,6,,0,0,1
1594,10:50:00,10:50:00,87,7,,0,0,1
1595,11:01:00,11:01:00,113,1,,0,0,1
1595,11:07:00,11:07:00,89,2,,0,0,1
1595,11:16:00,11:16:00,25,3,,0,0,1
1595,11:22:00,11:22:00,90,4,,0,0,1
1595,11:29:00,11:29:00,17,5,,0,0,1
1595,11:43:00,11:43:00,120,6,,0,0,1
1595,11:53:00,11:53:00,87,7,,0,0,1
1596,12:01:00,12:01:00,113,1,,0,0,1
1596,12:07:00,12:07:00,89,2,,0,0,1
1596,12:16:00,12:16:00,25,3,,0,0,1
1596,12:22:00,12:22:00,90,4,,0,0,1
1596,12:29:00,12:29:00,17,5,,0,0,1
1596,12:43:00,12:43:00,120,6,,0,0,1
1596,12:53:00,12:53:00,87,7,,0,0,1
1597,12:42:00,12:42:00,113,1,,0,0,1
1597,12:48:00,12:48:00,89,2,,0,0,1
1597,12:57:00,12:57:00,25,3,,0,0,1
1597,13:03:00,13:03:00,90,4,,0,0,1
1597,13:10:00,13:10:00,17,5,,0,0,1
1597,13:24:00,13:24:00,120,6,,0,0,1
1597,13:34:00,13:34:00,87,7,,0,0,1
1598,13:23:00,13:23:00,113,1,,0,0,1
1598,13:29:00,13:29:00,89,2,,0,0,1
1598,13:38:00,13:38:00,25,3,,0,0,1
1598,13:44:00,13:44:00,90,4,,0,0,1
1598,13:51:00,13:51:00,17,5,,0,0,1
1598,14:05:00,14:05:00,120,6,,0,0,1
1598,14:15:00,14:15:00,87,7,,0,0,1
1599,14:04:00,14:04:00,113,1,,0,0,1
1599,14:10:00,14:10:00,89,2,,0,0,1
1599,14:19:00,14:19:00,25,3,,0,0,1
1599,14:25:00,14:25:00,90,4,,0,0,1
1599,14:32:00,14:32:00,17,5,,0,0,1
1599,14:46:00,14:46:00,120,6,,0,0,1
1599,14:56:00,14:56:00,87,7,,0,0,1
1600,14:45:00,14:45:00,113,1,,0,0,1
1600,14:51:00,14:51:00,89,2,,0,0,1
1600,15:00:00,15:00:00,25,3,,0,0,1
1600,15:06:00,15:06:00,90,4,,0,0,1
1600,15:13:00,15:13:00,17,5,,0,0,1
1600,15:27:00,15:27:00,120,6,,0,0,1
1600,15:37:00,15:37:00,87,7,,0,0,1
1601,15:26:00,15:26:00,113,1,,0,0,1
1601,15:32:00,15:32:00,89,2,,0,0,1
1601,15:41:00,15:41:00,25,3,,0,0,1
1601,15:47:00,15:47:00,90,4,,0,0,1
1601,15:54:00,15:54:00,17,5,,0,0,1
1601,16:08:00,16:08:00,120,6,,0,0,1
1601,16:18:00,16:18:00,87,7,,0,0,1
1615,16:07:00,16:07:00,113,1,,0,0,1
1615,16:13:00,16:13:00,89,2,,0,0,1
1615,16:22:00,16:22:00,25,3,,0,0,1
1615,16:28:00,16:28:00,90,4,,0,0,1
1615,16:35:00,16:35:00,17,5,,0,0,1
1615,16:49:00,16:49:00,120,6,,0,0,1
1615,16:59:00,16:59:00,87,7,,0,0,1
1629,16:48:00,16:48:00,113,1,,0,0,1
1629,16:54:00,16:54:00,89,2,,0,0,1
1629,17:03:00,17:03:00,25,3,,0,0,1
1629,17:09:00,17:09:00,90,4,,0,0,1
1629,17:16:00,17:16:00,17,5,,0,0,1
1629,17:30:00,17:30:00,120,6,,0,0,1
1629,17:40:00,17:40:00,87,7,,0,0,1
1630,17:29:00,17:29:00,113,1,,0,0,1
1630,17:35:00,17:35:00,89,2,,0,0,1
1630,17:44:00,17:44:00,25,3,,0,0,1
1630,17:50:00,17:50:00,90,4,,0,0,1
1630,17:57:00,17:57:00,17,5,,0,0,1
1630,18:11:00,18:11:00,120,6,,0,0,1
1630,18:21:00,18:21:00,87,7,,0,0,1
1631,18:10:00,18:10:00,113,1,,0,0,1
1631,18:16:00,18:16:00,89,2,,0,0,1
1631,18:25:00,18:25:00,25,3,,0,0,1
1631,18:31:00,18:31:00,90,4,,0,0,1
1631,18:38:00,18:38:00,17,5,,0,0,1
1631,18:52:00,18:52:00,120,6,,0,0,1
1631,19:02:00,19:02:00,87,7,,0,0,1
1632,18:51:00,18:51:00,113,1,,0,0,1
1632,18:57:00,18:57:00,89,2,,0,0,1
1632,19:06:00,19:06:00,25,3,,0,0,1
1632,19:12:00,19:12:00,90,4,,0,0,1
1632,19:19:00,19:19:00,17,5,,0,0,1
1632,19:33:00,19:33:00,120,6,,0,0,1
1632,19:43:00,19:43:00,87,7,,0,0,1
1633,19:32:00,19:32:00,113,1,,0,0,1
1633,19:38:00,19:38:00,89,2,,0,0,1
1633,19:47:00,19:47:00,25,3,,0,0,1
1633,19:53:00,19:53:00,90,4,,0,0,1
1633,20:00:00,20:00:00,17,5,,0,0,1
1633,20:14:00,20:14:00,120,6,,0,0,1
1633,20:24:00,20:24:00,87,7,,0,0,1
1634,20:13:00,20:13:00,113,1,,0,0,1
1634,20:19:00,20:19:00,89,2,,0,0,1
1634,20:28:00,20:28:00,25,3,,0,0,1
1634,20:34:00,20:34:00,90,4,,0,0,1
1634,20:41:00,20:41:00,17,5,,0,0,1
1634,20:55:00,20:55:00,120,6,,0,0,1
1634,21:05:00,21:05:00,87,7,,0,0,1
1635,20:54:00,20:54:00,113,1,,0,0,1
1635,21:00:00,21:00:00,89,2,,0,0,1
1635,21:09:00,21:09:00,25,3,,0,0,1
1635,21:15:00,21:15:00,90,4,,0,0,1
1635,21:22:00,21:22:00,17,5,,0,0,1
1635,21:36:00,21:36:00,120,6,,0,0,1
1635,21:46:00,21:46:00,87,7,,0,0,1
1861,07:02:00,07:02:00,87,1,,0,0,1
1861,07:09:00,07:09:00,20,2,,0,0,1
1861,07:19:00,07:19:00,8,3,,0,0,1
1861,07:29:00,07:29:00,18,4,,0,0,1
1861,07:33:00,07:33:00,17,5,,0,0,1
1862,07:39:00,07:39:00,87,1,,0,0,1
1862,07:46:00,07:46:00,20,2,,0,0,1
1862,07:58:00,07:58:00,19,3,,0,0,1
1862,08:07:00,08:07:00,4,4,,0,0,1
1862,08:10:00,08:10:00,17,5,,0,0,1
1863,08:03:00,08:03:00,87,1,,0,0,1
1863,08:10:00,08:10:00,20,2,,0,0,1
1863,08:22:00,08:22:00,19,3,,0,0,1
1863,08:31:00,08:31:00,4,4,,0,0,1
1863,08:34:00,08:34:00,17,5,,0,0,1
1864,08:14:00,08:14:00,87,1,,0,0,1
1864,08:21:00,08:21:00,20,2,,0,0,1
1864,08:31:00,08:31:00,8,3,,0,0,1
1864,08:41:00,08:41:00,18,4,,0,0,1
1864,08:45:00,08:45:00,17,5,,0,0,1
1865,08:51:00,08:51:00,87,1,,0,0,1
1865,08:58:00,08:58:00,20,2,,0,0,1
1865,09:10:00,09:10:00,19,3,,0,0,1
1865,09:19:00,09:19:00,4,4,,0,0,1
1865,09:22:00,09:22:00,17,5,,0,0,1
1866,09:15:00,09:15:00,87,1,,0,0,1
1866,09:22:00,09:22:00,20,2,,0,0,1
1866,09:34:00,09:34:00,19,3,,0,0,1
1866,09:43:00,09:43:00,4,4,,0,0,1
1866,09:46:00,09:46:00,17,5,,0,0,1
1867,09:26:00,09:26:00,87,1,,0,0,1
1867,09:33:00,09:33:00,20,2,,0,0,1
1867,09:43:00,09:43:00,8,3,,0,0,1
1867,09:53:00,09:53:00,18,4,,0,0,1
1867,09:57:00,09:57:00,17,5,,0,0,1
1868,10:14:00,10:14:00,87,1,,0,0,1
1868,10:22:00,10:22:00,20,2,,0,0,1
1868,10:33:00,10:33:00,8,3,,0,0,1
1868,10:41:00,10:41:00,19,4,,0,0,1
1868,10:49:00,10:49:00,18,5,,0,0,1
1868,10:57:00,10:57:00,4,6,,0,0,1
1868,11:01:00,11:01:00,17,7,,0,0,1
1869,10:50:00,10:50:00,87,1,,0,0,1
1869,10:58:00,10:58:00,20,2,,0,0,1
1869,11:09:00,11:09:00,8,3,,0,0,1
1869,11:17:00,11:17:00,19,4,,0,0,1
1869,11:25:00,11:25:00,18,5,,0,0,1
1869,11:33:00,11:33:00,4,6,,0,0,1
1869,11:37:00,11:37:00,17,7,,0,0,1
1870,11:26:00,11:26:00,87,1,,0,0,1
1870,11:34:00,11:34:00,20,2,,0,0,1
1870,11:45:00,11:45:00,8,3,,0,0,1
1870,11:53:00,11:53:00,19,4,,0,0,1
1870,12:01:00,12:01:00,18,5,,0,0,1
1870,12:09:00,12:09:00,4,6,,0,0,1
1870,12:13:00,12:13:00,17,7,,0,0,1
1871,12:02:00,12:02:00,87,1,,0,0,1
1871,12:10:00,12:10:00,20,2,,0,0,1
1871,12:21:00,12:21:00,8,3,,0,0,1
1871,12:29:00,12:29:00,19,4,,0,0,1
1871,12:37:00,12:37:00,18,5,,0,0,1
1871,12:45:00,12:45:00,4,6,,0,0,1
1871,12:49:00,12:49:00,17,7,,0,0,1
1872,12:38:00,12:38:00,87,1,,0,0,1
1872,12:46:00,12:46:00,20,2,,0,0,1
1872,12:57:00,12:57:00,8,3,,0,0,1
1872,13:05:00,13:05:00,19,4,,0,0,1
1872,13:13:00,13:13:00,18,5,,0,0,1
1872,13:21:00,13:21:00,4,6,,0,0,1
1872,13:25:00,13:25:00,17,7,,0,0,1
1873,13:14:00,13:14:00,87,1,,0,0,1
1873,13:22:00,13:22:00,20,2,,0,0,1
1873,13:33:00,13:33:00,8,3,,0,0,1
1873,13:41:00,13:41:00,19,4,,0,0,1
1873,13:49:00,13:49:00,18,5,,0,0,1
1873,13:57:00,13:57:00,4,6,,0,0,1
1873,14:01:00,14:01:00,17,7,,0,0,1
1874,13:50:00,13:50:00,87,1,,0,0,1
1874,13:58:00,13:58:00,20,2,,0,0,1
1874,14:09:00,14:09:00,8,3,,0,0,1
1874,14:17:00,14:17:00,19,4,,0,0,1
1874,14:25:00,14:25:00,18,5,,0,0,1
1874,14:33:00,14:33:00,4,6,,0,0,1
1874,14:37:00,14:37:00,17,7,,0,0,1
1875,14:26:00,14:26:00,87,1,,0,0,1
1875,14:34:00,14:34:00,20,2,,0,0,1
1875,14:45:00,14:45:00,8,3,,0,0,1
1875,14:53:00,14:53:00,19,4,,0,0,1
1875,15:01:00,15:01:00,18,5,,0,0,1
1875,15:09:00,15:09:00,4,6,,0,0,1
1875,15:13:00,15:13:00,17,7,,0,0,1
1876,15:02:00,15:02:00,87,1,,0,0,1
1876,15:10:00,15:10:00,20,2,,0,0,1
1876,15:21:00,15:21:00,8,3,,0,0,1
1876,15:29:00,15:29:00,19,4,,0,0,1
1876,15:37:00,15:37:00,18,5,,0,0,1
1876,15:45:00,15:45:00,4,6,,0,0,1
1876,15:49:00,15:49:00,17,7,,0,0,1
1877,15:26:00,15:26:00,87,1,,0,0,1
1877,15:33:00,15:33:00,20,2,,0,0,1
1877,15:43:00,15:43:00,8,3,,0,0,1
1877,15:53:00,15:53:00,18,4,,0,0,1
1877,15:57:00,15:57:00,17,5,,0,0,1
1878,15:38:00,15:38:00,87,1,,0,0,1
1878,15:45:00,15:45:00,20,2,,0,0,1
1878,15:57:00,15:57:00,19,3,,0,0,1
1878,16:06:00,16:06:00,4,4,,0,0,1
1878,16:09:00,16:09:00,17,5,,0,0,1
1879,15:50:00,15:50:00,87,1,,0,0,1
1879,15:57:00,15:57:00,20,2,,0,0,1
1879,16:07:00,16:07:00,8,3,,0,0,1
1879,16:17:00,16:17:00,18,4,,0,0,1
1879,16:21:00,16:21:00,17,5,,0,0,1
1880,16:02:00,16:02:00,87,1,,0,0,1
1880,16:09:00,16:09:00,20,2,,0,0,1
1880,16:21:00,16:21:00,19,3,,0,0,1
1880,16:30:00,16:30:00,4,4,,0,0,1
1880,16:33:00,16:33:00,17,5,,0,0,1
1881,16:14:00,16:14:00,87,1,,0,0,1
1881,16:21:00,16:21:00,20,2,,0,0,1
1881,16:31:00,16:31:00,8,3,,0,0,1
1881,16:41:00,16:41:00,18,4,,0,0,1
1881,16:45:00,16:45:00,17,5,,0,0,1
1882,16:28:00,16:28:00,87,1,,0,0,1
1882,16:35:00,16:35:00,20,2,,0,0,1
1882,16:47:00,16:47:00,19,3,,0,0,1
1882,16:56:00,16:56:00,4,4,,0,0,1
1882,16:59:00,16:59:00,17,5,,0,0,1
1883,16:38:00,16:38:00,87,1,,0,0,1
1883,16:45:00,16:45:00,20,2,,0,0,1
1883,16:55:00,16:55:00,8,3,,0,0,1
1883,17:05:00,17:05:00,18,4,,0,0,1
1883,17:09:00,17:09:00,17,5,,0,0,1
1884,16:52:00,16:52:00,87,1,,0,0,1
1884,16:59:00,16:59:00,20,2,,0,0,1
1884,17:11:00,17:11:00,19,3,,0,0,1
1884,17:20:00,17:20:00,4,4,,0,0,1
1884,17:23:00,17:23:00,17,5,,0,0,1
1885,17:02:00,17:02:00,87,1,,0,0,1
1885,17:09:00,17:09:00,20,2,,0,0,1
1885,17:19:00,17:19:00,8,3,,0,0,1
1885,17:29:00,17:29:00,18,4,,0,0,1
1885,17:33:00,17:33:00,17,5,,0,0,1
1886,17:16:00,17:16:00,87,1,,0,0,1
1886,17:23:00,17:23:00,20,2,,0,0,1
1886,17:35:00,17:35:00,19,3,,0,0,1
1886,17:44:00,17:44:00,4,4,,0,0,1
1886,17:47:00,17:47:00,17,5,,0,0,1
1887,17:26:00,17:26:00,87,1,,0,0,1
1887,17:33:00,17:33:00,20,2,,0,0,1
1887,17:43:00,17:43:00,8,3,,0,0,1
1887,17:53:00,17:53:00,18,4,,0,0,1
1887,17:57:00,17:57:00,17,5,,0,0,1
1888,17:40:00,17:40:00,87,1,,0,0,1
1888,17:47:00,17:47:00,20,2,,0,0,1
1888,17:59:00,17:59:00,19,3,,0,0,1
1888,18:08:00,18:08:00,4,4,,0,0,1
1888,18:11:00,18:11:00,17,5,,0,0,1
1889,17:50:00,17:50:00,87,1,,0,0,1
1889,17:57:00,17:57:00,20,2,,0,0,1
1889,18:07:00,18:07:00,8,3,,0,0,1
1889,18:17:00,18:17:00,18,4,,0,0,1
1889,18:21:00,18:21:00,17,5,,0,0,1
1890,18:04:00,18:04:00,87,1,,0,0,1
1890,18:11:00,18:11:00,20,2,,0,0,1
1890,18:23:00,18:23:00,19,3,,0,0,1
1890,18:32:00,18:32:00,4,4,,0,0,1
1890,18:35:00,18:35:00,17,5,,0,0,1
1891,18:14:00,18:14:00,87,1,,0,0,1
1891,18:21:00,18:21:00,20,2,,0,0,1
1891,18:31:00,18:31:00,8,3,,0,0,1
1891,18:41:00,18:41:00,18,4,,0,0,1
1891,18:45:00,18:45:00,17,5,,0,0,1
1892,18:28:00,18:28:00,87,1,,0,0,1
1892,18:35:00,18:35:00,20,2,,0,0,1
1892,18:47:00,18:47:00,19,3,,0,0,1
1892,18:56:00,18:56:00,4,4,,0,0,1
1892,18:59:00,18:59:00,17,5,,0,0,1
1893,18:38:00,18:38:00,87,1,,0,0,1
1893,18:45:00,18:45:00,20,2,,0,0,1
1893,18:55:00,18:55:00,8,3,,0,0,1
1893,19:05:00,19:05:00,18,4,,0,0,1
1893,19:09:00,19:09:00,17,5,,0,0,1
1894,18:52:00,18:52:00,87,1,,0,0,1
1894,18:59:00,18:59:00,20,2,,0,0,1
1894,19:11:00,19:11:00,19,3,,0,0,1
1894,19:20:00,19:20:00,4,4,,0,0,1
1894,19:23:00,19:23:00,17,5,,0,0,1
1895,19:02:00,19:02:00,87,1,,0,0,1
1895,19:09:00,19:09:00,20,2,,0,0,1
1895,19:19:00,19:19:00,8,3,,0,0,1
1895,19:29:00,19:29:00,18,4,,0,0,1
1895,19:33:00,19:33:00,17,5,,0,0,1
1896,19:16:00,19:16:00,87,1,,0,0,1
1896,19:24:00,19:24:00,20,2,,0,0,1
1896,19:35:00,19:35:00,8,3,,0,0,1
1896,19:43:00,19:43:00,19,4,,0,0,1
1896,19:51:00,19:51:00,18,5,,0,0,1
1896,19:59:00,19:59:00,4,6,,0,0,1
1896,20:03:00,20:03:00,17,7,,0,0,1
1897,19:52:00,19:52:00,87,1,,0,0,1
1897,20:00:00,20:00:00,20,2,,0,0,1
1897,20:11:00,20:11:00,8,3,,0,0,1
1897,20:19:00,20:19:00,19,4,,0,0,1
1897,20:27:00,20:27:00,18,5,,0,0,1
1897,20:35:00,20:35:00,4,6,,0,0,1
1897,20:39:00,20:39:00,17,7,,0,0,1
1898,20:28:00,20:28:00,87,1,,0,0,1
1898,20:36:00,20:36:00,20,2,,0,0,1
1898,20:47:00,20:47:00,8,3,,0,0,1
1898,20:55:00,20:55:00,19,4,,0,0,1
1898,21:03:00,21:03:00,18,5,,0,0,1
1898,21:11:00,21:11:00,4,6,,0,0,1
1898,21:15:00,21:15:00,17,7,,0,0,1
1899,07:38:00,07:38:00,17,1,,0,0,1
1899,07:45:00,07:45:00,18,2,,0,0,1
1899,07:55:00,07:55:00,8,3,,0,0,1
1899,08:05:00,08:05:00,20,4,,0,0,1
1899,08:09:00,08:09:00,87,5,,0,0,1
1900,08:15:00,08:15:00,17,1,,0,0,1
1900,08:21:00,08:21:00,4,2,,0,0,1
1900,08:30:00,08:30:00,19,3,,0,0,1
1900,08:42:00,08:42:00,20,4,,0,0,1
1900,08:46:00,08:46:00,87,5,,0,0,1
1901,08:39:00,08:39:00,17,1,,0,0,1
1901,08:45:00,08:45:00,4,2,,0,0,1
1901,08:54:00,08:54:00,19,3,,0,0,1
1901,09:06:00,09:06:00,20,4,,0,0,1
1901,09:10:00,09:10:00,87,5,,0,0,1
1902,08:50:00,08:50:00,17,1,,0,0,1
1902,08:57:00,08:57:00,18,2,,0,0,1
1902,09:07:00,09:07:00,8,3,,0,0,1
1902,09:17:00,09:17:00,20,4,,0,0,1
1902,09:21:00,09:21:00,87,5,,0,0,1
1903,09:27:00,09:27:00,17,1,,0,0,1
1903,09:33:00,09:33:00,4,2,,0,0,1
1903,09:42:00,09:42:00,19,3,,0,0,1
1903,09:54:00,09:54:00,20,4,,0,0,1
1903,09:58:00,09:58:00,87,5,,0,0,1
1904,09:51:00,09:51:00,17,1,,0,0,1
1904,09:57:00,09:57:00,4,2,,0,0,1
1904,10:06:00,10:06:00,19,3,,0,0,1
1904,10:18:00,10:18:00,20,4,,0,0,1
1904,10:22:00,10:22:00,87,5,,0,0,1
1905,10:02:00,10:02:00,17,1,,0,0,1
1905,10:09:00,10:09:00,18,2,,0,0,1
1905,10:19:00,10:19:00,8,3,,0,0,1
1905,10:29:00,10:29:00,20,4,,0,0,1
1905,10:33:00,10:33:00,87,5,,0,0,1
1906,10:16:00,10:16:00,17,1,,0,0,1
1906,10:24:00,10:24:00,4,2,,0,0,1
1906,10:32:00,10:32:00,18,3,,0,0,1
1906,10:40:00,10:40:00,19,4,,0,0,1
1906,10:49:00,10:49:00,8,5,,0,0,1
1906,11:00:00,11:00:00,20,6,,0,0,1
1906,11:04:00,11:04:00,87,7,,0,0,1
1907,11:05:00,11:05:00,17,1,,0,0,1
1907,11:13:00,11:13:00,4,2,,0,0,1
1907,11:21:00,11:21:00,18,3,,0,0,1
1907,11:29:00,11:29:00,19,4,,0,0,1
1907,11:38:00,11:38:00,8,5,,0,0,1
1907,11:49:00,11:49:00,20,6,,0,0,1
1907,11:53:00,11:53:00,87,7,,0,0,1
1908,11:41:00,11:41:00,17,1,,0,0,1
1908,11:49:00,11:49:00,4,2,,0,0,1
1908,11:57:00,11:57:00,18,3,,0,0,1
1908,12:05:00,12:05:00,19,4,,0,0,1
1908,12:14:00,12:14:00,8,5,,0,0,1
1908,12:25:00,12:25:00,20,6,,0,0,1
1908,12:29:00,12:29:00,87,7,,0,0,1
1909,12:17:00,12:17:00,17,1,,0,0,1
1909,12:25:00,12:25:00,4,2,,0,0,1
1909,12:33:00,12:33:00,18,3,,0,0,1
1909,12:41:00,12:41:00,19,4,,0,0,1
1909,12:50:00,12:50:00,8,5,,0,0,1
1909,13:01:00,13:01:00,20,6,,0,0,1
1909,13:05:00,13:05:00,87,7,,0,0,1
1910,12:53:00,12:53:00,17,1,,0,0,1
1910,13:01:00,13:01:00,4,2,,0,0,1
1910,13:09:00,13:09:00,18,3,,0,0,1
1910,13:17:00,13:17:00,19,4,,0,0,1
1910,13:26:00,13:26:00,8,5,,0,0,1
1910,13:37:00,13:37:00,20,6,,0,0,1
1910,13:41:00,13:41:00,87,7,,0,0,1
1911,13:29:00,13:29:00,17,1,,0,0,1
1911,13:37:00,13:37:00,4,2,,0,0,1
1911,13:45:00,13:45:00,18,3,,0,0,1
1911,13:53:00,13:53:00,19,4,,0,0,1
1911,14:02:00,14:02:00,8,5,,0,0,1
1911,14:13:00,14:13:00,20,6,,0,0,1
1911,14:17:00,14:17:00,87,7,,0,0,1
1912,14:05:00,14:05:00,17,1,,0,0,1
1912,14:13:00,14:13:00,4,2,,0,0,1
1912,14:21:00,14:21:00,18,3,,0,0,1
1912,14:29:00,14:29:00,19,4,,0,0,1
1912,14:38:00,14:38:00,8,5,,0,0,1
1912,14:49:00,14:49:00,20,6,,0,0,1
1912,14:53:00,14:53:00,87,7,,0,0,1
1913,14:41:00,14:41:00,17,1,,0,0,1
1913,14:49:00,14:49:00,4,2,,0,0,1
1913,14:57:00,14:57:00,18,3,,0,0,1
1913,15:05:00,15:05:00,19,4,,0,0,1
1913,15:14:00,15:14:00,8,5,,0,0,1
1913,15:25:00,15:25:00,20,6,,0,0,1
1913,15:29:00,15:29:00,87,7,,0,0,1
1914,15:17:00,15:17:00,17,1,,0,0,1
1914,15:25:00,15:25:00,4,2,,0,0,1
1914,15:33:00,15:33:00,18,3,,0,0,1
1914,15:41:00,15:41:00,19,4,,0,0,1
1914,15:50:00,15:50:00,8,5,,0,0,1
1914,16:01:00,16:01:00,20,6,,0,0,1
1914,16:05:00,16:05:00,87,7,,0,0,1
1915,15:52:00,15:52:00,17,1,,0,0,1
1915,15:58:00,15:58:00,4,2,,0,0,1
1915,16:07:00,16:07:00,19,3,,0,0,1
1915,16:19:00,16:19:00,20,4,,0,0,1
1915,16:23:00,16:23:00,87,5,,0,0,1
1916,16:02:00,16:02:00,17,1,,0,0,1
1916,16:09:00,16:09:00,18,2,,0,0,1
1916,16:19:00,16:19:00,8,3,,0,0,1
1916,16:29:00,16:29:00,20,4,,0,0,1
1916,16:33:00,16:33:00,87,5,,0,0,1
1917,16:14:00,16:14:00,17,1,,0,0,1
1917,16:20:00,16:20:00,4,2,,0,0,1
1917,16:29:00,16:29:00,19,3,,0,0,1
1917,16:41:00,16:41:00,20,4,,0,0,1
1917,16:45:00,16:45:00,87,5,,0,0,1
1918,16:26:00,16:26:00,17,1,,0,0,1
1918,16:33:00,16:33:00,18,2,,0,0,1
1918,16:43:00,16:43:00,8,3,,0,0,1
1918,16:53:00,16:53:00,20,4,,0,0,1
1918,16:57:00,16:57:00,87,5,,0,0,1
1919,16:38:00,16:38:00,17,1,,0,0,1
1919,16:44:00,16:44:00,4,2,,0,0,1
1919,16:53:00,16:53:00,19,3,,0,0,1
1919,17:05:00,17:05:00,20,4,,0,0,1
1919,17:09:00,17:09:00,87,5,,0,0,1
1920,16:50:00,16:50:00,17,1,,0,0,1
1920,16:57:00,16:57:00,18,2,,0,0,1
1920,17:07:00,17:07:00,8,3,,0,0,1
1920,17:17:00,17:17:00,20,4,,0,0,1
1920,17:21:00,17:21:00,87,5,,0,0,1
1921,17:04:00,17:04:00,17,1,,0,0,1
1921,17:10:00,17:10:00,4,2,,0,0,1
1921,17:19:00,17:19:00,19,3,,0,0,1
1921,17:31:00,17:31:00,20,4,,0,0,1
1921,17:35:00,17:35:00,87,5,,0,0,1
1922,17:14:00,17:14:00,17,1,,0,0,1
1922,17:21:00,17:21:00,18,2,,0,0,1
1922,17:31:00,17:31:00,8,3,,0,0,1
1922,17:41:00,17:41:00,20,4,,0,0,1
1922,17:45:00,17:45:00,87,5,,0,0,1
1923,17:28:00,17:28:00,17,1,,0,0,1
1923,17:34:00,17:34:00,4,2,,0,0,1
1923,17:43:00,17:43:00,19,3,,0,0,1
1923,17:55:00,17:55:00,20,4,,0,0,1
1923,17:59:00,17:59:00,87,5,,0,0,1
1924,17:38:00,17:38:00,17,1,,0,0,1
1924,17:45:00,17:45:00,18,2,,0,0,1
1924,17:55:00,17:55:00,8,3,,0,0,1
1924,18:05:00,18:05:00,20,4,,0,0,1
1924,18:09:00,18:09:00,87,5,,0,0,1
1925,17:52:00,17:52:00,17,1,,0,0,1
1925,17:58:00,17:58:00,4,2,,0,0,1
1925,18:07:00,18:07:00,19,3,,0,0,1
1925,18:19:00,18:19:00,20,4,,0,0,1
1925,18:23:00,18:23:00,87,5,,0,0,1
1932,18:02:00,18:02:00,17,1,,0,0,1
1932,18:09:00,18:09:00,18,2,,0,0,1
1932,18:19:00,18:19:00,8,3,,0,0,1
1932,18:29:00,18:29:00,20,4,,0,0,1
1932,18:33:00,18:33:00,87,5,,0,0,1
1933,18:16:00,18:16:00,17,1,,0,0,1
1933,18:22:00,18:22:00,4,2,,0,0,1
1933,18:31:00,18:31:00,19,3,,0,0,1
1933,18:43:00,18:43:00,20,4,,0,0,1
1933,18:47:00,18:47:00,87,5,,0,0,1
1934,18:26:00,18:26:00,17,1,,0,0,1
1934,18:33:00,18:33:00,18,2,,0,0,1
1934,18:43:00,18:43:00,8,3,,0,0,1
1934,18:53:00,18:53:00,20,4,,0,0,1
1934,18:57:00,18:57:00,87,5,,0,0,1
1935,18:40:00,18:40:00,17,1,,0,0,1
1935,18:46:00,18:46:00,4,2,,0,0,1
1935,18:55:00,18:55:00,19,3,,0,0,1
1935,19:07:00,19:07:00,20,4,,0,0,1
1935,19:11:00,19:11:00,87,5,,0,0,1
1936,18:50:00,18:50:00,17,1,,0,0,1
1936,18:57:00,18:57:00,18,2,,0,0,1
1936,19:07:00,19:07:00,8,3,,0,0,1
1936,19:17:00,19:17:00,20,4,,0,0,1
1936,19:21:00,19:21:00,87,5,,0,0,1
1937,19:04:00,19:04:00,17,1,,0,0,1
1937,19:10:00,19:10:00,4,2,,0,0,1
1937,19:19:00,19:19:00,19,3,,0,0,1
1937,19:31:00,19:31:00,20,4,,0,0,1
1937,19:35:00,19:35:00,87,5,,0,0,1
1938,19:14:00,19:14:00,17,1,,0,0,1
1938,19:21:00,19:21:00,18,2,,0,0,1
1938,19:31:00,19:31:00,8,3,,0,0,1
1938,19:41:00,19:41:00,20,4,,0,0,1
1938,19:45:00,19:45:00,87,5,,0,0,1
1939,19:29:00,19:29:00,17,1,,0,0,1
1939,19:37:00,19:37:00,4,2,,0,0,1
1939,19:45:00,19:45:00,18,3,,0,0,1
1939,19:53:00,19:53:00,19,4,,0,0,1
1939,20:02:00,20:02:00,8,5,,0,0,1
1939,20:13:00,20:13:00,20,6,,0,0,1
1939,20:17:00,20:17:00,87,7,,0,0,1
1940,20:07:00,20:07:00,17,1,,0,0,1
1940,20:15:00,20:15:00,4,2,,0,0,1
1940,20:23:00,20:23:00,18,3,,0,0,1
1940,20:31:00,20:31:00,19,4,,0,0,1
1940,20:40:00,20:40:00,8,5,,0,0,1
1940,20:51:00,20:51:00,20,6,,0,0,1
1940,20:55:00,20:55:00,87,7,,0,0,1
1941,20:43:00,20:43:00,17,1,,0,0,1
1941,20:51:00,20:51:00,4,2,,0,0,1
1941,20:59:00,20:59:00,18,3,,0,0,1
1941,21:07:00,21:07:00,19,4,,0,0,1
1941,21:16:00,21:16:00,8,5,,0,0,1
1941,21:27:00,21:27:00,20,6,,0,0,1
1941,21:31:00,21:31:00,87,7,,0,0,1
1942,08:46:00,08:46:00,87,1,,0,0,1
1942,08:55:00,08:55:00,20,2,,0,0,1
1942,09:09:00,09:09:00,19,3,,0,0,1
1942,09:19:00,09:19:00,4,4,,0,0,1
1942,09:22:00,09:22:00,17,5,,0,0,1
1943,09:17:00,09:17:00,87,1,,0,0,1
1943,09:26:00,09:26:00,20,2,,0,0,1
1943,09:37:00,09:37:00,8,3,,0,0,1
1943,09:48:00,09:48:00,18,4,,0,0,1
1943,09:52:00,09:52:00,17,5,,0,0,1
1944,09:40:00,09:40:00,87,1,,0,0,1
1944,09:49:00,09:49:00,20,2,,0,0,1
1944,10:03:00,10:03:00,19,3,,0,0,1
1944,10:13:00,10:13:00,4,4,,0,0,1
1944,10:16:00,10:16:00,17,5,,0,0,1
1945,10:10:00,10:10:00,87,1,,0,0,1
1945,10:19:00,10:19:00,20,2,,0,0,1
1945,10:33:00,10:33:00,19,3,,0,0,1
1945,10:43:00,10:43:00,4,4,,0,0,1
1945,10:46:00,10:46:00,17,5,,0,0,1
1946,10:25:00,10:25:00,87,1,,0,0,1
1946,10:34:00,10:34:00,20,2,,0,0,1
1946,10:45:00,10:45:00,8,3,,0,0,1
1946,10:56:00,10:56:00,18,4,,0,0,1
1946,11:00:00,11:00:00,17,5,,0,0,1
1947,10:39:00,10:39:00,87,1,,0,0,1
1947,10:48:00,10:48:00,20,2,,0,0,1
1947,11:02:00,11:02:00,19,3,,0,0,1
1947,11:12:00,11:12:00,4,4,,0,0,1
1947,11:15:00,11:15:00,17,5,,0,0,1
1948,10:54:00,10:54:00,87,1,,0,0,1
1948,11:03:00,11:03:00,20,2,,0,0,1
1948,11:14:00,11:14:00,8,3,,0,0,1
1948,11:25:00,11:25:00,18,4,,0,0,1
1948,11:29:00,11:29:00,17,5,,0,0,1
1949,11:07:00,11:07:00,87,1,,0,0,1
1949,11:16:00,11:16:00,20,2,,0,0,1
1949,11:30:00,11:30:00,19,3,,0,0,1
1949,11:40:00,11:40:00,4,4,,0,0,1
1949,11:43:00,11:43:00,17,5,,0,0,1
1950,11:22:00,11:22:00,87,1,,0,0,1
1950,11:31:00,11:31:00,20,2,,0,0,1
1950,11:42:00,11:42:00,8,3,,0,0,1
1950,11:53:00,11:53:00,18,4,,0,0,1
1950,11:57:00,11:57:00,17,5,,0,0,1
1951,11:35:00,11:35:00,87,1,,0,0,1
1951,11:44:00,11:44:00,20,2,,0,0,1
1951,11:58:00,11:58:00,19,3,,0,0,1
1951,12:08:00,12:08:00,4,4,,0,0,1
1951,12:11:00,12:11:00,17,5,,0,0,1
1952,11:50:00,11:50:00,87,1,,0,0,1
1952,11:59:00,11:59:00,20,2,,0,0,1
1952,12:10:00,12:10:00,8,3,,0,0,1
1952,12:21:00,12:21:00,18,4,,0,0,1
1952,12:25:00,12:25:00,17,5,,0,0,1
1953,12:03:00,12:03:00,87,1,,0,0,1
1953,12:12:00,12:12:00,20,2,,0,0,1
1953,12:26:00,12:26:00,19,3,,0,0,1
1953,12:36:00,12:36:00,4,4,,0,0,1
1953,12:39:00,12:39:00,17,5,,0,0,1
1954,12:18:00,12:18:00,87,1,,0,0,1
1954,12:27:00,12:27:00,20,2,,0,0,1
1954,12:38:00,12:38:00,8,3,,0,0,1
1954,12:49:00,12:49:00,18,4,,0,0,1
1954,12:53:00,12:53:00,17,5,,0,0,1
1955,12:31:00,12:31:00,87,1,,0,0,1
1955,12:40:00,12:40:00,20,2,,0,0,1
1955,12:54:00,12:54:00,19,3,,0,0,1
1955,13:04:00,13:04:00,4,4,,0,0,1
1955,13:07:00,13:07:00,17,5,,0,0,1
1956,12:46:00,12:46:00,87,1,,0,0,1
1956,12:55:00,12:55:00,20,2,,0,0,1
1956,13:06:00,13:06:00,8,3,,0,0,1
1956,13:17:00,13:17:00,18,4,,0,0,1
1956,13:21:00,13:21:00,17,5,,0,0,1
1957,12:59:00,12:59:00,87,1,,0,0,1
1957,13:08:00,13:08:00,20,2,,0,0,1
1957,13:22:00,13:22:00,19,3,,0,0,1
1957,13:32:00,13:32:00,4,4,,0,0,1
1957,13:35:00,13:35:00,17,5,,0,0,1
1958,13:14:00,13:14:00,87,1,,0,0,1
1958,13:23:00,13:23:00,20,2,,0,0,1
1958,13:34:00,13:34:00,8,3,,0,0,1
1958,13:45:00,13:45:00,18,4,,0,0,1
1958,13:49:00,13:49:00,17,5,,0,0,1
1959,13:27:00,13:27:00,87,1,,0,0,1
1959,13:36:00,13:36:00,20,2,,0,0,1
1959,13:50:00,13:50:00,19,3,,0,0,1
1959,14:00:00,14:00:00,4,4,,0,0,1
1959,14:03:00,14:03:00,17,5,,0,0,1
1960,13:42:00,13:42:00,87,1,,0,0,1
1960,13:51:00,13:51:00,20,2,,0,0,1
1960,14:02:00,14:02:00,8,3,,0,0,1
1960,14:13:00,14:13:00,18,4,,0,0,1
1960,14:17:00,14:17:00,17,5,,0,0,1
1961,13:55:00,13:55:00,87,1,,0,0,1
1961,14:04:00,14:04:00,20,2,,0,0,1
1961,14:18:00,14:18:00,19,3,,0,0,1
1961,14:28:00,14:28:00,4,4,,0,0,1
1961,14:31:00,14:31:00,17,5,,0,0,1
1962,14:10:00,14:10:00,87,1,,0,0,1
1962,14:19:00,14:19:00,20,2,,0,0,1
1962,14:30:00,14:30:00,8,3,,0,0,1
1962,14:41:00,14:41:00,18,4,,0,0,1
1962,14:45:00,14:45:00,17,5,,0,0,1
1963,14:23:00,14:23:00,87,1,,0,0,1
1963,14:32:00,14:32:00,20,2,,0,0,1
1963,14:46:00,14:46:00,19,3,,0,0,1
1963,14:56:00,14:56:00,4,4,,0,0,1
1963,14:59:00,14:59:00,17,5,,0,0,1
1964,14:38:00,14:38:00,87,1,,0,0,1
1964,14:47:00,14:47:00,20,2,,0,0,1
1964,14:58:00,14:58:00,8,3,,0,0,1
1964,15:09:00,15:09:00,18,4,,0,0,1
1964,15:13:00,15:13:00,17,5,,0,0,1
1965,14:51:00,14:51:00,87,1,,0,0,1
1965,15:00:00,15:00:00,20,2,,0,0,1
1965,15:14:00,15:14:00,19,3,,0,0,1
1965,15:24:00,15:24:00,4,4,,0,0,1
1965,15:27:00,15:27:00,17,5,,0,0,1
1966,15:06:00,15:06:00,87,1,,0,0,1
1966,15:15:00,15:15:00,20,2,,0,0,1
1966,15:26:00,15:26:00,8,3,,0,0,1
1966,15:37:00,15:37:00,18,4,,0,0,1
1966,15:41:00,15:41:00,17,5,,0,0,1
1967,15:19:00,15:19:00,87,1,,0,0,1
1967,15:28:00,15:28:00,20,2,,0,0,1
1967,15:42:00,15:42:00,19,3,,0,0,1
1967,15:52:00,15:52:00,4,4,,0,0,1
1967,15:55:00,15:55:00,17,5,,0,0,1
1968,15:34:00,15:34:00,87,1,,0,0,1
1968,15:43:00,15:43:00,20,2,,0,0,1
1968,15:54:00,15:54:00,8,3,,0,0,1
1968,16:05:00,16:05:00,18,4,,0,0,1
1968,16:09:00,16:09:00,17,5,,0,0,1
1969,15:47:00,15:47:00,87,1,,0,0,1
1969,15:56:00,15:56:00,20,2,,0,0,1
1969,16:10:00,16:10:00,19,3,,0,0,1
1969,16:20:00,16:20:00,4,4,,0,0,1
1969,16:23:00,16:23:00,17,5,,0,0,1
1970,16:02:00,16:02:00,87,1,,0,0,1
1970,16:11:00,16:11:00,20,2,,0,0,1
1970,16:22:00,16:22:00,8,3,,0,0,1
1970,16:33:00,16:33:00,18,4,,0,0,1
1970,16:37:00,16:37:00,17,5,,0,0,1
1971,16:15:00,16:15:00,87,1,,0,0,1
1971,16:24:00,16:24:00,20,2,,0,0,1
1971,16:38:00,16:38:00,19,3,,0,0,1
1971,16:48:00,16:48:00,4,4,,0,0,1
1971,16:51:00,16:51:00,17,5,,0,0,1
1972,16:30:00,16:30:00,87,1,,0,0,1
1972,16:39:00,16:39:00,20,2,,0,0,1
1972,16:50:00,16:50:00,8,3,,0,0,1
1972,17:01:00,17:01:00,18,4,,0,0,1
1972,17:05:00,17:05:00,17,5,,0,0,1
1973,16:43:00,16:43:00,87,1,,0,0,1
1973,16:52:00,16:52:00,20,2,,0,0,1
1973,17:06:00,17:06:00,19,3,,0,0,1
1973,17:16:00,17:16:00,4,4,,0,0,1
1973,17:19:00,17:19:00,17,5,,0,0,1
1974,16:58:00,16:58:00,87,1,,0,0,1
1974,17:07:00,17:07:00,20,2,,0,0,1
1974,17:18:00,17:18:00,8,3,,0,0,1
1974,17:29:00,17:29:00,18,4,,0,0,1
1974,17:33:00,17:33:00,17,5,,0,0,1
1975,17:11:00,17:11:00,87,1,,0,0,1
1975,17:20:00,17:20:00,20,2,,0,0,1
1975,17:34:00,17:34:00,19,3,,0,0,1
1975,17:44:00,17:44:00,4,4,,0,0,1
1975,17:47:00,17:47:00,17,5,,0,0,1
1976,17:26:00,17:26:00,87,1,,0,0,1
1976,17:35:00,17:35:00,20,2,,0,0,1
1976,17:46:00,17:46:00,8,3,,0,0,1
1976,17:57:00,17:57:00,18,4,,0,0,1
1976,18:01:00,18:01:00,17,5,,0,0,1
1977,17:39:00,17:39:00,87,1,,0,0,1
1977,17:48:00,17:48:00,20,2,,0,0,1
1977,18:02:00,18:02:00,19,3,,0,0,1
1977,18:12:00,18:12:00,4,4,,0,0,1
1977,18:15:00,18:15:00,17,5,,0,0,1
1978,17:54:00,17:54:00,87,1,,0,0,1
1978,18:03:00,18:03:00,20,2,,0,0,1
1978,18:14:00,18:14:00,8,3,,0,0,1
1978,18:25:00,18:25:00,18,4,,0,0,1
1978,18:29:00,18:29:00,17,5,,0,0,1
1979,18:07:00,18:07:00,87,1,,0,0,1
1979,18:16:00,18:16:00,20,2,,0,0,1
1979,18:30:00,18:30:00,19,3,,0,0,1
1979,18:40:00,18:40:00,4,4,,0,0,1
1979,18:43:00,18:43:00,17,5,,0,0,1
1980,18:22:00,18:22:00,87,1,,0,0,1
1980,18:31:00,18:31:00,20,2,,0,0,1
1980,18:42:00,18:42:00,8,3,,0,0,1
1980,18:53:00,18:53:00,18,4,,0,0,1
1980,18:57:00,18:57:00,17,5,,0,0,1
1981,18:35:00,18:35:00,87,1,,0,0,1
1981,18:44:00,18:44:00,20,2,,0,0,1
1981,18:58:00,18:58:00,19,3,,0,0,1
1981,19:08:00,19:08:00,4,4,,0,0,1
1981,19:11:00,19:11:00,17,5,,0,0,1
1982,18:50:00,18:50:00,87,1,,0,0,1
1982,18:59:00,18:59:00,20,2,,0,0,1
1982,19:10:00,19:10:00,8,3,,0,0,1
1982,19:21:00,19:21:00,18,4,,0,0,1
1982,19:25:00,19:25:00,17,5,,0,0,1
1983,19:03:00,19:03:00,87,1,,0,0,1
1983,19:12:00,19:12:00,20,2,,0,0,1
1983,19:26:00,19:26:00,19,3,,0,0,1
1983,19:36:00,19:36:00,4,4,,0,0,1
1983,19:39:00,19:39:00,17,5,,0,0,1
1984,19:18:00,19:18:00,87,1,,0,0,1
1984,19:27:00,19:27:00,20,2,,0,0,1
1984,19:38:00,19:38:00,8,3,,0,0,1
1984,19:49:00,19:49:00,18,4,,0,0,1
1984,19:53:00,19:53:00,17,5,,0,0,1
1985,19:31:00,19:31:00,87,1,,0,0,1
1985,19:40:00,19:40:00,20,2,,0,0,1
1985,19:54:00,19:54:00,19,3,,0,0,1
1985,20:04:00,20:04:00,4,4,,0,0,1
1985,20:07:00,20:07:00,17,5,,0,0,1
1986,19:46:00,19:46:00,87,1,,0,0,1
1986,19:55:00,19:55:00,20,2,,0,0,1
1986,20:06:00,20:06:00,8,3,,0,0,1
1986,20:17:00,20:17:00,18,4,,0,0,1
1986,20:21:00,20:21:00,17,5,,0,0,1
1987,19:59:00,19:59:00,87,1,,0,0,1
1987,20:08:00,20:08:00,20,2,,0,0,1
1987,20:22:00,20:22:00,19,3,,0,0,1
1987,20:32:00,20:32:00,4,4,,0,0,1
1987,20:35:00,20:35:00,17,5,,0,0,1
1988,20:14:00,20:14:00,87,1,,0,0,1
1988,20:23:00,20:23:00,20,2,,0,0,1
1988,20:34:00,20:34:00,8,3,,0,0,1
1988,20:45:00,20:45:00,18,4,,0,0,1
1988,20:49:00,20:49:00,17,5,,0,0,1
1989,20:27:00,20:27:00,87,1,,0,0,1
1989,20:36:00,20:36:00,20,2,,0,0,1
1989,20:50:00,20:50:00,19,3,,0,0,1
1989,21:00:00,21:00:00,4,4,,0,0,1
1989,21:03:00,21:03:00,17,5,,0,0,1
1990,20:42:00,20:42:00,87,1,,0,0,1
1990,20:51:00,20:51:00,20,2,,0,0,1
1990,21:02:00,21:02:00,8,3,,0,0,1
1990,21:13:00,21:13:00,18,4,,0,0,1
1990,21:17:00,21:17:00,17,5,,0,0,1
1991,20:55:00,20:55:00,87,1,,0,0,1
1991,21:04:00,21:04:00,20,2,,0,0,1
1991,21:18:00,21:18:00,19,3,,0,0,1
1991,21:28:00,21:28:00,4,4,,0,0,1
1991,21:31:00,21:31:00,17,5,,0,0,1
1992,08:33:00,08:33:00,17,1,,0,0,1
1992,08:40:00,08:40:00,4,2,,0,0,1
1992,08:51:00,08:51:00,19,3,,0,0,1
1992,09:05:00,09:05:00,20,4,,0,0,1
1992,09:09:00,09:09:00,87,5,,0,0,1
1993,08:58:00,08:58:00,17,1,,0,0,1
1993,09:06:00,09:06:00,18,2,,0,0,1
1993,09:17:00,09:17:00,8,3,,0,0,1
1993,09:29:00,09:29:00,20,4,,0,0,1
1993,09:33:00,09:33:00,87,5,,0,0,1
1994,09:27:00,09:27:00,17,1,,0,0,1
1994,09:34:00,09:34:00,4,2,,0,0,1
1994,09:45:00,09:45:00,19,3,,0,0,1
1994,09:59:00,09:59:00,20,4,,0,0,1
1994,10:03:00,10:03:00,87,5,,0,0,1
1995,09:57:00,09:57:00,17,1,,0,0,1
1995,10:05:00,10:05:00,18,2,,0,0,1
1995,10:16:00,10:16:00,8,3,,0,0,1
1995,10:28:00,10:28:00,20,4,,0,0,1
1995,10:32:00,10:32:00,87,5,,0,0,1
1996,10:21:00,10:21:00,17,1,,0,0,1
1996,10:28:00,10:28:00,4,2,,0,0,1
1996,10:39:00,10:39:00,19,3,,0,0,1
1996,10:53:00,10:53:00,20,4,,0,0,1
1996,10:57:00,10:57:00,87,5,,0,0,1
1997,10:35:00,10:35:00,17,1,,0,0,1
1997,10:43:00,10:43:00,18,2,,0,0,1
1997,10:54:00,10:54:00,8,3,,0,0,1
1997,11:06:00,11:06:00,20,4,,0,0,1
1997,11:10:00,11:10:00,87,5,,0,0,1
1998,10:51:00,10:51:00,17,1,,0,0,1
1998,10:58:00,10:58:00,4,2,,0,0,1
1998,11:09:00,11:09:00,19,3,,0,0,1
1998,11:23:00,11:23:00,20,4,,0,0,1
1998,11:27:00,11:27:00,87,5,,0,0,1
1999,11:05:00,11:05:00,17,1,,0,0,1
1999,11:13:00,11:13:00,18,2,,0,0,1
1999,11:24:00,11:24:00,8,3,,0,0,1
1999,11:36:00,11:36:00,20,4,,0,0,1
1999,11:40:00,11:40:00,87,5,,0,0,1
2000,11:20:00,11:20:00,17,1,,0,0,1
2000,11:27:00,11:27:00,4,2,,0,0,1
2000,11:38:00,11:38:00,19,3,,0,0,1
2000,11:52:00,11:52:00,20,4,,0,0,1
2000,11:56:00,11:56:00,87,5,,0,0,1
2001,11:34:00,11:34:00,17,1,,0,0,1
2001,11:42:00,11:42:00,18,2,,0,0,1
2001,11:53:00,11:53:00,8,3,,0,0,1
2001,12:05:00,12:05:00,20,4,,0,0,1
2001,12:09:00,12:09:00,87,5,,0,0,1
2002,11:48:00,11:48:00,17,1,,0,0,1
2002,11:55:00,11:55:00,4,2,,0,0,1
2002,12:06:00,12:06:00,19,3,,0,0,1
2002,12:20:00,12:20:00,20,4,,0,0,1
2002,12:24:00,12:24:00,87,5,,0,0,1
2003,12:02:00,12:02:00,17,1,,0,0,1
2003,12:10:00,12:10:00,18,2,,0,0,1
2003,12:21:00,12:21:00,8,3,,0,0,1
2003,12:33:00,12:33:00,20,4,,0,0,1
2003,12:37:00,12:37:00,87,5,,0,0,1
2004,12:16:00,12:16:00,17,1,,0,0,1
2004,12:23:00,12:23:00,4,2,,0,0,1
2004,12:34:00,12:34:00,19,3,,0,0,1
2004,12:48:00,12:48:00,20,4,,0,0,1
2004,12:52:00,12:52:00,87,5,,0,0,1
2005,12:30:00,12:30:00,17,1,,0,0,1
2005,12:38:00,12:38:00,18,2,,0,0,1
2005,12:49:00,12:49:00,8,3,,0,0,1
2005,13:01:00,13:01:00,20,4,,0,0,1
2005,13:05:00,13:05:00,87,5,,0,0,1
2006,12:44:00,12:44:00,17,1,,0,0,1
2006,12:51:00,12:51:00,4,2,,0,0,1
2006,13:02:00,13:02:00,19,3,,0,0,1
2006,13:16:00,13:16:00,20,4,,0,0,1
2006,13:20:00,13:20:00,87,5,,0,0,1
2007,12:58:00,12:58:00,17,1,,0,0,1
2007,13:06:00,13:06:00,18,2,,0,0,1
2007,13:17:00,13:17:00,8,3,,0,0,1
2007,13:29:00,13:29:00,20,4,,0,0,1
2007,13:33:00,13:33:00,87,5,,0,0,1
2008,13:12:00,13:12:00,17,1,,0,0,1
2008,13:19:00,13:19:00,4,2,,0,0,1
2008,13:30:00,13:30:00,19,3,,0,0,1
2008,13:44:00,13:44:00,20,4,,0,0,1
2008,13:48:00,13:48:00,87,5,,0,0,1
2009,13:26:00,13:26:00,17,1,,0,0,1
2009,13:34:00,13:34:00,18,2,,0,0,1
2009,13:45:00,13:45:00,8,3,,0,0,1
2009,13:57:00,13:57:00,20,4,,0,0,1
2009,14:01:00,14:01:00,87,5,,0,0,1
2010,13:40:00,13:40:00,17,1,,0,0,1
2010,13:47:00,13:47:00,4,2,,0,0,1
2010,13:58:00,13:58:00,19,3,,0,0,1
2010,14:12:00,14:12:00,20,4,,0,0,1
2010,14:16:00,14:16:00,87,5,,0,0,1
2011,13:54:00,13:54:00,17,1,,0,0,1
2011,14:02:00,14:02:00,18,2,,0,0,1
2011,14:13:00,14:13:00,8,3,,0,0,1
2011,14:25:00,14:25:00,20,4,,0,0,1
2011,14:29:00,14:29:00,87,5,,0,0,1
2012,14:08:00,14:08:00,17,1,,0,0,1
2012,14:15:00,14:15:00,4,2,,0,0,1
2012,14:26:00,14:26:00,19,3,,0,0,1
2012,14:40:00,14:40:00,20,4,,0,0,1
2012,14:44:00,14:44:00,87,5,,0,0,1
2013,14:22:00,14:22:00,17,1,,0,0,1
2013,14:30:00,14:30:00,18,2,,0,0,1
2013,14:41:00,14:41:00,8,3,,0,0,1
2013,14:53:00,14:53:00,20,4,,0,0,1
2013,14:57:00,14:57:00,87,5,,0,0,1
2014,14:36:00,14:36:00,17,1,,0,0,1
2014,14:43:00,14:43:00,4,2,,0,0,1
2014,14:54:00,14:54:00,19,3,,0,0,1
2014,15:08:00,15:08:00,20,4,,0,0,1
2014,15:12:00,15:12:00,87,5,,0,0,1
2015,14:50:00,14:50:00,17,1,,0,0,1
2015,14:58:00,14:58:00,18,2,,0,0,1
2015,15:09:00,15:09:00,8,3,,0,0,1
2015,15:21:00,15:21:00,20,4,,0,0,1
2015,15:25:00,15:25:00,87,5,,0,0,1
2016,15:04:00,15:04:00,17,1,,0,0,1
2016,15:11:00,15:11:00,4,2,,0,0,1
2016,15:22:00,15:22:00,19,3,,0,0,1
2016,15:36:00,15:36:00,20,4,,0,0,1
2016,15:40:00,15:40:00,87,5,,0,0,1
2017,15:18:00,15:18:00,17,1,,0,0,1
2017,15:26:00,15:26:00,18,2,,0,0,1
2017,15:37:00,15:37:00,8,3,,0,0,1
2017,15:49:00,15:49:00,20,4,,0,0,1
2017,15:53:00,15:53:00,87,5,,0,0,1
2018,15:32:00,15:32:00,17,1,,0,0,1
2018,15:39:00,15:39:00,4,2,,0,0,1
2018,15:50:00,15:50:00,19,3,,0,0,1
2018,16:04:00,16:04:00,20,4,,0,0,1
2018,16:08:00,16:08:00,87,5,,0,0,1
2019,15:46:00,15:46:00,17,1,,0,0,1
2019,15:54:00,15:54:00,18,2,,0,0,1
2019,16:05:00,16:05:00,8,3,,0,0,1
2019,16:17:00,16:17:00,20,4,,0,0,1
2019,16:21:00,16:21:00,87,5,,0,0,1
2020,16:00:00,16:00:00,17,1,,0,0,1
2020,16:07:00,16:07:00,4,2,,0,0,1
2020,16:18:00,16:18:00,19,3,,0,0,1
2020,16:32:00,16:32:00,20,4,,0,0,1
2020,16:36:00,16:36:00,87,5,,0,0,1
2021,16:14:00,16:14:00,17,1,,0,0,1
2021,16:22:00,16:22:00,18,2,,0,0,1
2021,16:33:00,16:33:00,8,3,,0,0,1
2021,16:45:00,16:45:00,20,4,,0,0,1
2021,16:49:00,16:49:00,87,5,,0,0,1
2022,16:28:00,16:28:00,17,1,,0,0,1
2022,16:35:00,16:35:00,4,2,,0,0,1
2022,16:46:00,16:46:00,19,3,,0,0,1
2022,17:00:00,17:00:00,20,4,,0,0,1
2022,17:04:00,17:04:00,87,5,,0,0,1
2023,16:42:00,16:42:00,17,1,,0,0,1
2023,16:50:00,16:50:00,18,2,,0,0,1
2023,17:01:00,17:01:00,8,3,,0,0,1
2023,17:13:00,17:13:00,20,4,,0,0,1
2023,17:17:00,17:17:00,87,5,,0,0,1
2024,16:56:00,16:56:00,17,1,,0,0,1
2024,17:03:00,17:03:00,4,2,,0,0,1
2024,17:14:00,17:14:00,19,3,,0,0,1
2024,17:28:00,17:28:00,20,4,,0,0,1
2024,17:32:00,17:32:00,87,5,,0,0,1
2025,17:10:00,17:10:00,17,1,,0,0,1
2025,17:18:00,17:18:00,18,2,,0,0,1
2025,17:29:00,17:29:00,8,3,,0,0,1
2025,17:41:00,17:41:00,20,4,,0,0,1
2025,17:45:00,17:45:00,87,5,,0,0,1
2026,17:24:00,17:24:00,17,1,,0,0,1
2026,17:31:00,17:31:00,4,2,,0,0,1
2026,17:42:00,17:42:00,19,3,,0,0,1
2026,17:56:00,17:56:00,20,4,,0,0,1
2026,18:00:00,18:00:00,87,5,,0,0,1
2027,17:38:00,17:38:00,17,1,,0,0,1
2027,17:46:00,17:46:00,18,2,,0,0,1
2027,17:57:00,17:57:00,8,3,,0,0,1
2027,18:09:00,18:09:00,20,4,,0,0,1
2027,18:13:00,18:13:00,87,5,,0,0,1
2028,17:52:00,17:52:00,17,1,,0,0,1
2028,17:59:00,17:59:00,4,2,,0,0,1
2028,18:10:00,18:10:00,19,3,,0,0,1
2028,18:24:00,18:24:00,20,4,,0,0,1
2028,18:28:00,18:28:00,87,5,,0,0,1
2029,18:06:00,18:06:00,17,1,,0,0,1
2029,18:14:00,18:14:00,18,2,,0,0,1
2029,18:25:00,18:25:00,8,3,,0,0,1
2029,18:37:00,18:37:00,20,4,,0,0,1
2029,18:41:00,18:41:00,87,5,,0,0,1
2030,18:20:00,18:20:00,17,1,,0,0,1
2030,18:27:00,18:27:00,4,2,,0,0,1
2030,18:38:00,18:38:00,19,3,,0,0,1
2030,18:52:00,18:52:00,20,4,,0,0,1
2030,18:56:00,18:56:00,87,5,,0,0,1
2031,18:34:00,18:34:00,17,1,,0,0,1
2031,18:42:00,18:42:00,18,2,,0,0,1
2031,18:53:00,18:53:00,8,3,,0,0,1
2031,19:05:00,19:05:00,20,4,,0,0,1
2031,19:09:00,19:09:00,87,5,,0,0,1
2032,18:48:00,18:48:00,17,1,,0,0,1
2032,18:55:00,18:55:00,4,2,,0,0,1
2032,19:06:00,19:06:00,19,3,,0,0,1
2032,19:20:00,19:20:00,20,4,,0,0,1
2032,19:24:00,19:24:00,87,5,,0,0,1
2033,19:02:00,19:02:00,17,1,,0,0,1
2033,19:10:00,19:10:00,18,2,,0,0,1
2033,19:21:00,19:21:00,8,3,,0,0,1
2033,19:33:00,19:33:00,20,4,,0,0,1
2033,19:37:00,19:37:00,87,5,,0,0,1
2034,19:16:00,19:16:00,17,1,,0,0,1
2034,19:23:00,19:23:00,4,2,,0,0,1
2034,19:34:00,19:34:00,19,3,,0,0,1
2034,19:48:00,19:48:00,20,4,,0,0,1
2034,19:52:00,19:52:00,87,5,,0,0,1
2035,19:30:00,19:30:00,17,1,,0,0,1
2035,19:38:00,19:38:00,18,2,,0,0,1
2035,19:49:00,19:49:00,8,3,,0,0,1
2035,20:01:00,20:01:00,20,4,,0,0,1
2035,20:05:00,20:05:00,87,5,,0,0,1
2036,19:44:00,19:44:00,17,1,,0,0,1
2036,19:51:00,19:51:00,4,2,,0,0,1
2036,20:02:00,20:02:00,19,3,,0,0,1
2036,20:16:00,20:16:00,20,4,,0,0,1
2036,20:20:00,20:20:00,87,5,,0,0,1
2037,19:58:00,19:58:00,17,1,,0,0,1
2037,20:06:00,20:06:00,18,2,,0,0,1
2037,20:17:00,20:17:00,8,3,,0,0,1
2037,20:29:00,20:29:00,20,4,,0,0,1
2037,20:33:00,20:33:00,87,5,,0,0,1
2038,20:12:00,20:12:00,17,1,,0,0,1
2038,20:19:00,20:19:00,4,2,,0,0,1
2038,20:30:00,20:30:00,19,3,,0,0,1
2038,20:44:00,20:44:00,20,4,,0,0,1
2038,20:48:00,20:48:00,87,5,,0,0,1
2039,20:26:00,20:26:00,17,1,,0,0,1
2039,20:34:00,20:34:00,18,2,,0,0,1
2039,20:45:00,20:45:00,8,3,,0,0,1
2039,20:57:00,20:57:00,20,4,,0,0,1
2039,21:01:00,21:01:00,87,5,,0,0,1
2040,20:40:00,20:40:00,17,1,,0,0,1
2040,20:47:00,20:47:00,4,2,,0,0,1
2040,20:58:00,20:58:00,19,3,,0,0,1
2040,21:12:00,21:12:00,20,4,,0,0,1
2040,21:16:00,21:16:00,87,5,,0,0,1
2041,20:54:00,20:54:00,17,1,,0,0,1
2041,21:02:00,21:02:00,18,2,,0,0,1
2041,21:13:00,21:13:00,8,3,,0,0,1
2041,21:25:00,21:25:00,20,4,,0,0,1
2041,21:29:00,21:29:00,87,5,,0,0,1
2042,21:08:00,21:08:00,17,1,,0,0,1
2042,21:15:00,21:15:00,4,2,,0,0,1
2042,21:26:00,21:26:00,19,3,,0,0,1
2042,21:40:00,21:40:00,20,4,,0,0,1
2042,21:44:00,21:44:00,87,5,,0,0,1
2043,09:52:00,09:52:00,88,1,,0,0,1
2043,10:34:00,10:34:00,118,2,,0,0,1
2043,10:55:00,10:55:00,87,3,,0,0,1
2043,11:09:00,11:09:00,114,4,,0,0,1
2043,11:18:00,11:18:00,17,5,,0,0,1
2043,11:30:00,11:30:00,113,6,,0,0,1
2043,11:49:00,11:49:00,112,7,,0,0,1
2043,11:52:00,11:52:00,141,8,,0,0,1
2044,11:02:00,11:02:00,88,1,,0,0,1
2044,11:44:00,11:44:00,118,2,,0,0,1
2044,12:05:00,12:05:00,87,3,,0,0,1
2044,12:19:00,12:19:00,114,4,,0,0,1
2044,12:28:00,12:28:00,17,5,,0,0,1
2044,12:40:00,12:40:00,113,6,,0,0,1
2044,12:59:00,12:59:00,112,7,,0,0,1
2044,13:02:00,13:02:00,141,8,,0,0,1
2045,12:08:00,12:08:00,88,1,,0,0,1
2045,12:50:00,12:50:00,118,2,,0,0,1
2045,13:11:00,13:11:00,87,3,,0,0,1
2045,13:25:00,13:25:00,114,4,,0,0,1
2045,13:34:00,13:34:00,17,5,,0,0,1
2045,13:46:00,13:46:00,113,6,,0,0,1
2045,14:05:00,14:05:00,112,7,,0,0,1
2045,14:08:00,14:08:00,141,8,,0,0,1
2046,13:14:00,13:14:00,88,1,,0,0,1
2046,13:56:00,13:56:00,118,2,,0,0,1
2046,14:17:00,14:17:00,87,3,,0,0,1
2046,14:31:00,14:31:00,114,4,,0,0,1
2046,14:40:00,14:40:00,17,5,,0,0,1
2046,14:52:00,14:52:00,113,6,,0,0,1
2046,15:11:00,15:11:00,112,7,,0,0,1
2046,15:14:00,15:14:00,141,8,,0,0,1
2047,14:18:00,14:18:00,88,1,,0,0,1
2047,15:00:00,15:00:00,118,2,,0,0,1
2047,15:21:00,15:21:00,87,3,,0,0,1
2047,15:35:00,15:35:00,114,4,,0,0,1
2047,15:44:00,15:44:00,17,5,,0,0,1
2047,15:56:00,15:56:00,113,6,,0,0,1
2047,16:15:00,16:15:00,112,7,,0,0,1
2047,16:18:00,16:18:00,141,8,,0,0,1
2048,15:24:00,15:24:00,88,1,,0,0,1
2048,16:06:00,16:06:00,118,2,,0,0,1
2048,16:27:00,16:27:00,87,3,,0,0,1
2048,16:41:00,16:41:00,114,4,,0,0,1
2048,16:50:00,16:50:00,17,5,,0,0,1
2048,17:02:00,17:02:00,113,6,,0,0,1
2048,17:21:00,17:21:00,112,7,,0,0,1
2048,17:24:00,17:24:00,141,8,,0,0,1
2049,16:08:00,16:08:00,88,1,,0,0,1
2049,16:50:00,16:50:00,118,2,,0,0,1
2049,17:11:00,17:11:00,87,3,,0,0,1
2049,17:25:00,17:25:00,114,4,,0,0,1
2049,17:34:00,17:34:00,17,5,,0,0,1
2049,17:46:00,17:46:00,113,6,,0,0,1
2049,18:05:00,18:05:00,112,7,,0,0,1
2049,18:08:00,18:08:00,141,8,,0,0,1
2050,16:52:00,16:52:00,88,1,,0,0,1
2050,17:34:00,17:34:00,118,2,,0,0,1
2050,17:55:00,17:55:00,87,3,,0,0,1
2050,18:09:00,18:09:00,114,4,,0,0,1
2050,18:18:00,18:18:00,17,5,,0,0,1
2050,18:30:00,18:30:00,113,6,,0,0,1
2050,18:49:00,18:49:00,112,7,,0,0,1
2050,18:52:00,18:52:00,141,8,,0,0,1
2051,17:36:00,17:36:00,88,1,,0,0,1
2051,18:18:00,18:18:00,118,2,,0,0,1
2051,18:39:00,18:39:00,87,3,,0,0,1
2051,18:53:00,18:53:00,114,4,,0,0,1
2051,19:02:00,19:02:00,17,5,,0,0,1
2051,19:14:00,19:14:00,113,6,,0,0,1
2051,19:33:00,19:33:00,112,7,,0,0,1
2051,19:36:00,19:36:00,141,8,,0,0,1
2052,18:21:00,18:21:00,88,1,,0,0,1
2052,19:03:00,19:03:00,118,2,,0,0,1
2052,19:24:00,19:24:00,87,3,,0,0,1
2052,19:38:00,19:38:00,114,4,,0,0,1
2052,19:47:00,19:47:00,17,5,,0,0,1
2052,19:59:00,19:59:00,113,6,,0,0,1
2052,20:18:00,20:18:00,112,7,,0,0,1
2052,20:21:00,20:21:00,141,8,,0,0,1
2053,19:05:00,19:05:00,88,1,,0,0,1
2053,19:47:00,19:47:00,118,2,,0,0,1
2053,20:08:00,20:08:00,87,3,,0,0,1
2053,20:22:00,20:22:00,114,4,,0,0,1
2053,20:31:00,20:31:00,17,5,,0,0,1
2053,20:43:00,20:43:00,113,6,,0,0,1
2053,21:02:00,21:02:00,112,7,,0,0,1
2053,21:05:00,21:05:00,141,8,,0,0,1
2054,19:49:00,19:49:00,88,1,,0,0,1
2054,20:31:00,20:31:00,118,2,,0,0,1
2054,20:44:00,20:44:00,87,3,,0,0,1
2055,20:33:00,20:33:00,88,1,,0,0,1
2055,21:15:00,21:15:00,118,2,,0,0,1
2055,21:28:00,21:28:00,87,3,,0,0,1
2056,11:58:00,11:58:00,141,1,,0,0,1
2056,12:06:00,12:06:00,112,2,,0,0,1
2056,12:25:00,12:25:00,113,3,,0,0,1
2056,12:39:00,12:39:00,17,4,,0,0,1
2056,12:46:00,12:46:00,114,5,,0,0,1
2056,13:05:00,13:05:00,87,6,,0,0,1
2056,13:23:00,13:23:00,118,7,,0,0,1
2056,14:02:00,14:02:00,88,8,,0,0,1
2057,13:08:00,13:08:00,141,1,,0,0,1
2057,13:16:00,13:16:00,112,2,,0,0,1
2057,13:35:00,13:35:00,113,3,,0,0,1
2057,13:49:00,13:49:00,17,4,,0,0,1
2057,13:56:00,13:56:00,114,5,,0,0,1
2057,14:15:00,14:15:00,87,6,,0,0,1
2057,14:33:00,14:33:00,118,7,,0,0,1
2057,15:12:00,15:12:00,88,8,,0,0,1
2058,14:14:00,14:14:00,141,1,,0,0,1
2058,14:22:00,14:22:00,112,2,,0,0,1
2058,14:41:00,14:41:00,113,3,,0,0,1
2058,14:55:00,14:55:00,17,4,,0,0,1
2058,15:02:00,15:02:00,114,5,,0,0,1
2058,15:21:00,15:21:00,87,6,,0,0,1
2058,15:39:00,15:39:00,118,7,,0,0,1
2058,16:18:00,16:18:00,88,8,,0,0,1
2059,15:20:00,15:20:00,141,1,,0,0,1
2059,15:28:00,15:28:00,112,2,,0,0,1
2059,15:47:00,15:47:00,113,3,,0,0,1
2059,16:01:00,16:01:00,17,4,,0,0,1
2059,16:08:00,16:08:00,114,5,,0,0,1
2059,16:27:00,16:27:00,87,6,,0,0,1
2059,16:45:00,16:45:00,118,7,,0,0,1
2059,17:24:00,17:24:00,88,8,,0,0,1
2060,16:08:00,16:08:00,141,1,,0,0,1
2060,16:16:00,16:16:00,112,2,,0,0,1
2060,16:35:00,16:35:00,113,3,,0,0,1
2060,16:49:00,16:49:00,17,4,,0,0,1
2060,16:56:00,16:56:00,114,5,,0,0,1
2060,17:15:00,17:15:00,87,6,,0,0,1
2060,17:31:00,17:31:00,118,7,,0,0,1
2060,18:10:00,18:10:00,88,8,,0,0,1
2061,16:52:00,16:52:00,141,1,,0,0,1
2061,17:00:00,17:00:00,112,2,,0,0,1
2061,17:19:00,17:19:00,113,3,,0,0,1
2061,17:33:00,17:33:00,17,4,,0,0,1
2061,17:40:00,17:40:00,114,5,,0,0,1
2061,17:59:00,17:59:00,87,6,,0,0,1
2061,18:15:00,18:15:00,118,7,,0,0,1
2061,18:54:00,18:54:00,88,8,,0,0,1
2062,17:33:00,17:33:00,141,1,,0,0,1
2062,17:41:00,17:41:00,112,2,,0,0,1
2062,18:00:00,18:00:00,113,3,,0,0,1
2062,18:14:00,18:14:00,17,4,,0,0,1
2062,18:21:00,18:21:00,114,5,,0,0,1
2062,18:40:00,18:40:00,87,6,,0,0,1
2062,18:56:00,18:56:00,118,7,,0,0,1
2062,19:35:00,19:35:00,88,8,,0,0,1
2063,18:14:00,18:14:00,141,1,,0,0,1
2063,18:22:00,18:22:00,112,2,,0,0,1
2063,18:41:00,18:41:00,113,3,,0,0,1
2063,18:55:00,18:55:00,17,4,,0,0,1
2063,19:02:00,19:02:00,114,5,,0,0,1
2063,19:21:00,19:21:00,87,6,,0,0,1
2063,19:37:00,19:37:00,118,7,,0,0,1
2063,20:16:00,20:16:00,88,8,,0,0,1
2064,18:58:00,18:58:00,141,1,,0,0,1
2064,19:06:00,19:06:00,112,2,,0,0,1
2064,19:25:00,19:25:00,113,3,,0,0,1
2064,19:39:00,19:39:00,17,4,,0,0,1
2064,19:46:00,19:46:00,114,5,,0,0,1
2064,20:05:00,20:05:00,87,6,,0,0,1
2064,20:21:00,20:21:00,118,7,,0,0,1
2064,21:00:00,21:00:00,88,8,,0,0,1
2065,19:42:00,19:42:00,141,1,,0,0,1
2065,19:50:00,19:50:00,112,2,,0,0,1
2065,20:09:00,20:09:00,113,3,,0,0,1
2065,20:23:00,20:23:00,17,4,,0,0,1
2065,20:30:00,20:30:00,114,5,,0,0,1
2065,20:41:00,20:41:00,87,6,,0,0,1
2066,20:27:00,20:27:00,141,1,,0,0,1
2066,20:35:00,20:35:00,112,2,,0,0,1
2066,20:54:00,20:54:00,113,3,,0,0,1
2066,21:08:00,21:08:00,17,4,,0,0,1
2066,21:15:00,21:15:00,114,5,,0,0,1
2066,21:26:00,21:26:00,87,6,,0,0,1
2067,09:01:00,09:01:00,88,1,,0,0,1
2067,09:45:00,09:45:00,118,2,,0,0,1
2067,10:06:00,10:06:00,87,3,,0,0,1
2067,10:20:00,10:20:00,114,4,,0,0,1
2067,10:29:00,10:29:00,17,5,,0,0,1
2067,10:41:00,10:41:00,113,6,,0,0,1
2067,11:00:00,11:00:00,112,7,,0,0,1
2067,11:03:00,11:03:00,141,8,,0,0,1
2068,10:11:00,10:11:00,88,1,,0,0,1
2068,10:55:00,10:55:00,118,2,,0,0,1
2068,11:16:00,11:16:00,87,3,,0,0,1
2068,11:30:00,11:30:00,114,4,,0,0,1
2068,11:39:00,11:39:00,17,5,,0,0,1
2068,11:51:00,11:51:00,113,6,,0,0,1
2068,12:10:00,12:10:00,112,7,,0,0,1
2068,12:13:00,12:13:00,141,8,,0,0,1
2069,11:10:00,11:10:00,88,1,,0,0,1
2069,11:54:00,11:54:00,118,2,,0,0,1
2069,12:15:00,12:15:00,87,3,,0,0,1
2069,12:29:00,12:29:00,114,4,,0,0,1
2069,12:38:00,12:38:00,17,5,,0,0,1
2069,12:50:00,12:50:00,113,6,,0,0,1
2069,13:09:00,13:09:00,112,7,,0,0,1
2069,13:12:00,13:12:00,141,8,,0,0,1
2070,12:03:00,12:03:00,88,1,,0,0,1
2070,12:47:00,12:47:00,118,2,,0,0,1
2070,13:08:00,13:08:00,87,3,,0,0,1
2070,13:22:00,13:22:00,114,4,,0,0,1
2070,13:31:00,13:31:00,17,5,,0,0,1
2070,13:43:00,13:43:00,113,6,,0,0,1
2070,14:02:00,14:02:00,112,7,,0,0,1
2070,14:05:00,14:05:00,141,8,,0,0,1
2071,12:56:00,12:56:00,88,1,,0,0,1
2071,13:40:00,13:40:00,118,2,,0,0,1
2071,14:01:00,14:01:00,87,3,,0,0,1
2071,14:15:00,14:15:00,114,4,,0,0,1
2071,14:24:00,14:24:00,17,5,,0,0,1
2071,14:36:00,14:36:00,113,6,,0,0,1
2071,14:55:00,14:55:00,112,7,,0,0,1
2071,14:58:00,14:58:00,141,8,,0,0,1
2072,13:49:00,13:49:00,88,1,,0,0,1
2072,14:33:00,14:33:00,118,2,,0,0,1
2072,14:54:00,14:54:00,87,3,,0,0,1
2072,15:08:00,15:08:00,114,4,,0,0,1
2072,15:17:00,15:17:00,17,5,,0,0,1
2072,15:29:00,15:29:00,113,6,,0,0,1
2072,15:48:00,15:48:00,112,7,,0,0,1
2072,15:51:00,15:51:00,141,8,,0,0,1
2073,14:42:00,14:42:00,88,1,,0,0,1
2073,15:26:00,15:26:00,118,2,,0,0,1
2073,15:47:00,15:47:00,87,3,,0,0,1
2073,16:01:00,16:01:00,114,4,,0,0,1
2073,16:10:00,16:10:00,17,5,,0,0,1
2073,16:22:00,16:22:00,113,6,,0,0,1
2073,16:41:00,16:41:00,112,7,,0,0,1
2073,16:44:00,16:44:00,141,8,,0,0,1
2074,15:35:00,15:35:00,88,1,,0,0,1
2074,16:19:00,16:19:00,118,2,,0,0,1
2074,16:40:00,16:40:00,87,3,,0,0,1
2074,16:54:00,16:54:00,114,4,,0,0,1
2074,17:03:00,17:03:00,17,5,,0,0,1
2074,17:15:00,17:15:00,113,6,,0,0,1
2074,17:34:00,17:34:00,112,7,,0,0,1
2074,17:37:00,17:37:00,141,8,,0,0,1
2075,16:28:00,16:28:00,88,1,,0,0,1
2075,17:12:00,17:12:00,118,2,,0,0,1
2075,17:33:00,17:33:00,87,3,,0,0,1
2075,17:47:00,17:47:00,114,4,,0,0,1
2075,17:56:00,17:56:00,17,5,,0,0,1
2075,18:08:00,18:08:00,113,6,,0,0,1
2075,18:27:00,18:27:00,112,7,,0,0,1
2075,18:30:00,18:30:00,141,8,,0,0,1
2076,17:21:00,17:21:00,88,1,,0,0,1
2076,18:05:00,18:05:00,118,2,,0,0,1
2076,18:26:00,18:26:00,87,3,,0,0,1
2076,18:40:00,18:40:00,114,4,,0,0,1
2076,18:49:00,18:49:00,17,5,,0,0,1
2076,19:01:00,19:01:00,113,6,,0,0,1
2076,19:20:00,19:20:00,112,7,,0,0,1
2076,19:23:00,19:23:00,141,8,,0,0,1
2077,18:14:00,18:14:00,88,1,,0,0,1
2077,18:58:00,18:58:00,118,2,,0,0,1
2077,19:19:00,19:19:00,87,3,,0,0,1
2077,19:33:00,19:33:00,114,4,,0,0,1
2077,19:42:00,19:42:00,17,5,,0,0,1
2077,19:54:00,19:54:00,113,6,,0,0,1
2077,20:13:00,20:13:00,112,7,,0,0,1
2077,20:16:00,20:16:00,141,8,,0,0,1
2078,19:07:00,19:07:00,88,1,,0,0,1
2078,19:51:00,19:51:00,118,2,,0,0,1
2078,20:12:00,20:12:00,87,3,,0,0,1
2078,20:26:00,20:26:00,114,4,,0,0,1
2078,20:35:00,20:35:00,17,5,,0,0,1
2078,20:47:00,20:47:00,113,6,,0,0,1
2078,21:06:00,21:06:00,112,7,,0,0,1
2078,21:09:00,21:09:00,141,8,,0,0,1
2079,20:00:00,20:00:00,88,1,,0,0,1
2079,20:44:00,20:44:00,118,2,,0,0,1
2079,20:57:00,20:57:00,87,3,,0,0,1
2080,08:53:00,08:53:00,141,1,,0,0,1
2080,09:01:00,09:01:00,112,2,,0,0,1
2080,09:20:00,09:20:00,113,3,,0,0,1
2080,09:34:00,09:34:00,17,4,,0,0,1
2080,09:41:00,09:41:00,114,5,,0,0,1
2080,10:00:00,10:00:00,87,6,,0,0,1
2080,10:19:00,10:19:00,118,7,,0,0,1
2080,10:59:00,10:59:00,88,8,,0,0,1
2081,09:01:00,09:01:00,87,1,,0,0,1
2081,09:20:00,09:20:00,118,2,,0,0,1
2081,10:00:00,10:00:00,88,3,,0,0,1
2082,09:37:00,09:37:00,141,1,,0,0,1
2082,09:45:00,09:45:00,112,2,,0,0,1
2082,10:04:00,10:04:00,113,3,,0,0,1
2082,10:18:00,10:18:00,17,4,,0,0,1
2082,10:25:00,10:25:00,114,5,,0,0,1
2082,10:44:00,10:44:00,87,6,,0,0,1
2082,11:03:00,11:03:00,118,7,,0,0,1
2082,11:43:00,11:43:00,88,8,,0,0,1
2083,10:21:00,10:21:00,141,1,,0,0,1
2083,10:29:00,10:29:00,112,2,,0,0,1
2083,10:48:00,10:48:00,113,3,,0,0,1
2083,11:02:00,11:02:00,17,4,,0,0,1
2083,11:09:00,11:09:00,114,5,,0,0,1
2083,11:28:00,11:28:00,87,6,,0,0,1
2083,11:47:00,11:47:00,118,7,,0,0,1
2083,12:27:00,12:27:00,88,8,,0,0,1
2084,11:09:00,11:09:00,141,1,,0,0,1
2084,11:17:00,11:17:00,112,2,,0,0,1
2084,11:36:00,11:36:00,113,3,,0,0,1
2084,11:50:00,11:50:00,17,4,,0,0,1
2084,11:57:00,11:57:00,114,5,,0,0,1
2084,12:16:00,12:16:00,87,6,,0,0,1
2084,12:35:00,12:35:00,118,7,,0,0,1
2084,13:15:00,13:15:00,88,8,,0,0,1
2085,12:19:00,12:19:00,141,1,,0,0,1
2085,12:27:00,12:27:00,112,2,,0,0,1
2085,12:46:00,12:46:00,113,3,,0,0,1
2085,13:00:00,13:00:00,17,4,,0,0,1
2085,13:07:00,13:07:00,114,5,,0,0,1
2085,13:26:00,13:26:00,87,6,,0,0,1
2085,13:45:00,13:45:00,118,7,,0,0,1
2085,14:25:00,14:25:00,88,8,,0,0,1
2092,13:18:00,13:18:00,141,1,,0,0,1
2092,13:26:00,13:26:00,112,2,,0,0,1
2092,13:45:00,13:45:00,113,3,,0,0,1
2092,13:59:00,13:59:00,17,4,,0,0,1
2092,14:06:00,14:06:00,114,5,,0,0,1
2092,14:25:00,14:25:00,87,6,,0,0,1
2092,14:44:00,14:44:00,118,7,,0,0,1
2092,15:24:00,15:24:00,88,8,,0,0,1
2093,14:11:00,14:11:00,141,1,,0,0,1
2093,14:19:00,14:19:00,112,2,,0,0,1
2093,14:38:00,14:38:00,113,3,,0,0,1
2093,14:52:00,14:52:00,17,4,,0,0,1
2093,14:59:00,14:59:00,114,5,,0,0,1
2093,15:18:00,15:18:00,87,6,,0,0,1
2093,15:37:00,15:37:00,118,7,,0,0,1
2093,16:17:00,16:17:00,88,8,,0,0,1
2094,15:04:00,15:04:00,141,1,,0,0,1
2094,15:12:00,15:12:00,112,2,,0,0,1
2094,15:31:00,15:31:00,113,3,,0,0,1
2094,15:45:00,15:45:00,17,4,,0,0,1
2094,15:52:00,15:52:00,114,5,,0,0,1
2094,16:11:00,16:11:00,87,6,,0,0,1
2094,16:30:00,16:30:00,118,7,,0,0,1
2094,17:10:00,17:10:00,88,8,,0,0,1
2095,15:57:00,15:57:00,141,1,,0,0,1
2095,16:05:00,16:05:00,112,2,,0,0,1
2095,16:24:00,16:24:00,113,3,,0,0,1
2095,16:38:00,16:38:00,17,4,,0,0,1
2095,16:45:00,16:45:00,114,5,,0,0,1
2095,17:04:00,17:04:00,87,6,,0,0,1
2095,17:23:00,17:23:00,118,7,,0,0,1
2095,18:03:00,18:03:00,88,8,,0,0,1
2096,16:50:00,16:50:00,141,1,,0,0,1
2096,16:58:00,16:58:00,112,2,,0,0,1
2096,17:17:00,17:17:00,113,3,,0,0,1
2096,17:31:00,17:31:00,17,4,,0,0,1
2096,17:38:00,17:38:00,114,5,,0,0,1
2096,17:57:00,17:57:00,87,6,,0,0,1
2096,18:16:00,18:16:00,118,7,,0,0,1
2096,18:56:00,18:56:00,88,8,,0,0,1
2097,17:43:00,17:43:00,141,1,,0,0,1
2097,17:51:00,17:51:00,112,2,,0,0,1
2097,18:10:00,18:10:00,113,3,,0,0,1
2097,18:24:00,18:24:00,17,4,,0,0,1
2097,18:31:00,18:31:00,114,5,,0,0,1
2097,18:50:00,18:50:00,87,6,,0,0,1
2097,19:09:00,19:09:00,118,7,,0,0,1
2097,19:49:00,19:49:00,88,8,,0,0,1
2098,18:36:00,18:36:00,141,1,,0,0,1
2098,18:44:00,18:44:00,112,2,,0,0,1
2098,19:03:00,19:03:00,113,3,,0,0,1
2098,19:17:00,19:17:00,17,4,,0,0,1
2098,19:24:00,19:24:00,114,5,,0,0,1
2098,19:43:00,19:43:00,87,6,,0,0,1
2098,20:02:00,20:02:00,118,7,,0,0,1
2098,20:42:00,20:42:00,88,8,,0,0,1
2099,19:29:00,19:29:00,141,1,,0,0,1
2099,19:37:00,19:37:00,112,2,,0,0,1
2099,19:56:00,19:56:00,113,3,,0,0,1
2099,20:10:00,20:10:00,17,4,,0,0,1
2099,20:17:00,20:17:00,114,5,,0,0,1
2099,20:36:00,20:36:00,87,6,,0,0,1
2099,20:55:00,20:55:00,118,7,,0,0,1
2099,21:35:00,21:35:00,88,8,,0,0,1
2100,20:22:00,20:22:00,141,1,,0,0,1
2100,20:30:00,20:30:00,112,2,,0,0,1
2100,20:49:00,20:49:00,113,3,,0,0,1
2100,21:03:00,21:03:00,17,4,,0,0,1
2100,21:10:00,21:10:00,114,5,,0,0,1
2100,21:21:00,21:21:00,87,6,,0,0,1
2101,10:30:00,10:30:00,138,1,,0,0,1
2101,10:45:00,10:45:00,136,2,,0,0,1
2101,11:07:00,11:07:00,137,3,,0,0,1
2101,11:18:00,11:18:00,23,4,,0,0,1
2101,11:35:00,11:35:00,11,5,,0,0,1
2101,11:39:00,11:39:00,87,6,,0,0,1
2102,11:08:00,11:08:00,138,1,,0,0,1
2102,11:23:00,11:23:00,136,2,,0,0,1
2102,11:45:00,11:45:00,137,3,,0,0,1
2102,11:56:00,11:56:00,23,4,,0,0,1
2102,12:13:00,12:13:00,11,5,,0,0,1
2102,12:17:00,12:17:00,87,6,,0,0,1
2103,11:46:00,11:46:00,138,1,,0,0,1
2103,12:01:00,12:01:00,136,2,,0,0,1
2103,12:23:00,12:23:00,137,3,,0,0,1
2103,12:34:00,12:34:00,23,4,,0,0,1
2103,12:51:00,12:51:00,11,5,,0,0,1
2103,12:55:00,12:55:00,87,6,,0,0,1
2104,12:24:00,12:24:00,138,1,,0,0,1
2104,12:39:00,12:39:00,136,2,,0,0,1
2104,13:01:00,13:01:00,137,3,,0,0,1
2104,13:12:00,13:12:00,23,4,,0,0,1
2104,13:29:00,13:29:00,11,5,,0,0,1
2104,13:33:00,13:33:00,87,6,,0,0,1
2105,13:02:00,13:02:00,138,1,,0,0,1
2105,13:17:00,13:17:00,136,2,,0,0,1
2105,13:39:00,13:39:00,137,3,,0,0,1
2105,13:50:00,13:50:00,23,4,,0,0,1
2105,14:07:00,14:07:00,11,5,,0,0,1
2105,14:11:00,14:11:00,87,6,,0,0,1
2106,13:40:00,13:40:00,138,1,,0,0,1
2106,13:55:00,13:55:00,136,2,,0,0,1
2106,14:17:00,14:17:00,137,3,,0,0,1
2106,14:28:00,14:28:00,23,4,,0,0,1
2106,14:45:00,14:45:00,11,5,,0,0,1
2106,14:49:00,14:49:00,87,6,,0,0,1
2107,14:18:00,14:18:00,138,1,,0,0,1
2107,14:33:00,14:33:00,136,2,,0,0,1
2107,14:55:00,14:55:00,137,3,,0,0,1
2107,15:06:00,15:06:00,23,4,,0,0,1
2107,15:23:00,15:23:00,11,5,,0,0,1
2107,15:27:00,15:27:00,87,6,,0,0,1
2108,14:56:00,14:56:00,138,1,,0,0,1
2108,15:11:00,15:11:00,136,2,,0,0,1
2108,15:33:00,15:33:00,137,3,,0,0,1
2108,15:44:00,15:44:00,23,4,,0,0,1
2108,16:01:00,16:01:00,11,5,,0,0,1
2108,16:05:00,16:05:00,87,6,,0,0,1
2109,15:34:00,15:34:00,138,1,,0,0,1
2109,15:49:00,15:49:00,136,2,,0,0,1
2109,16:11:00,16:11:00,137,3,,0,0,1
2109,16:22:00,16:22:00,23,4,,0,0,1
2109,16:39:00,16:39:00,11,5,,0,0,1
2109,16:43:00,16:43:00,87,6,,0,0,1
2110,16:12:00,16:12:00,138,1,,0,0,1
2110,16:27:00,16:27:00,136,2,,0,0,1
2110,16:49:00,16:49:00,137,3,,0,0,1
2110,17:00:00,17:00:00,23,4,,0,0,1
2110,17:17:00,17:17:00,11,5,,0,0,1
2110,17:21:00,17:21:00,87,6,,0,0,1
2111,16:50:00,16:50:00,138,1,,0,0,1
2111,17:05:00,17:05:00,136,2,,0,0,1
2111,17:27:00,17:27:00,137,3,,0,0,1
2111,17:38:00,17:38:00,23,4,,0,0,1
2111,17:55:00,17:55:00,11,5,,0,0,1
2111,17:59:00,17:59:00,87,6,,0,0,1
2112,17:28:00,17:28:00,138,1,,0,0,1
2112,17:43:00,17:43:00,136,2,,0,0,1
2112,18:05:00,18:05:00,137,3,,0,0,1
2112,18:16:00,18:16:00,23,4,,0,0,1
2112,18:33:00,18:33:00,11,5,,0,0,1
2112,18:37:00,18:37:00,87,6,,0,0,1
2113,18:06:00,18:06:00,138,1,,0,0,1
2113,18:21:00,18:21:00,136,2,,0,0,1
2113,18:43:00,18:43:00,137,3,,0,0,1
2113,18:54:00,18:54:00,23,4,,0,0,1
2113,19:11:00,19:11:00,11,5,,0,0,1
2113,19:15:00,19:15:00,87,6,,0,0,1
2114,18:44:00,18:44:00,138,1,,0,0,1
2114,18:59:00,18:59:00,136,2,,0,0,1
2114,19:21:00,19:21:00,137,3,,0,0,1
2114,19:32:00,19:32:00,23,4,,0,0,1
2114,19:49:00,19:49:00,11,5,,0,0,1
2114,19:53:00,19:53:00,87,6,,0,0,1
2115,19:22:00,19:22:00,138,1,,0,0,1
2115,19:37:00,19:37:00,136,2,,0,0,1
2115,19:59:00,19:59:00,137,3,,0,0,1
2115,20:10:00,20:10:00,23,4,,0,0,1
2115,20:27:00,20:27:00,11,5,,0,0,1
2115,20:31:00,20:31:00,87,6,,0,0,1
2116,20:00:00,20:00:00,138,1,,0,0,1
2116,20:15:00,20:15:00,136,2,,0,0,1
2116,20:37:00,20:37:00,137,3,,0,0,1
2116,20:48:00,20:48:00,23,4,,0,0,1
2116,21:05:00,21:05:00,11,5,,0,0,1
2116,21:09:00,21:09:00,87,6,,0,0,1
2117,20:36:00,20:36:00,138,1,,0,0,1
2117,20:51:00,20:51:00,136,2,,0,0,1
2117,21:13:00,21:13:00,137,3,,0,0,1
2117,21:24:00,21:24:00,23,4,,0,0,1
2117,21:41:00,21:41:00,11,5,,0,0,1
2117,21:45:00,21:45:00,87,6,,0,0,1
2118,11:45:00,11:45:00,87,1,,0,0,1
2118,11:52:00,11:52:00,11,2,,0,0,1
2118,12:09:00,12:09:00,23,3,,0,0,1
2118,12:22:00,12:22:00,137,4,,0,0,1
2118,12:42:00,12:42:00,136,5,,0,0,1
2118,12:54:00,12:54:00,138,6,,0,0,1
2119,12:23:00,12:23:00,87,1,,0,0,1
2119,12:30:00,12:30:00,11,2,,0,0,1
2119,12:47:00,12:47:00,23,3,,0,0,1
2119,13:00:00,13:00:00,137,4,,0,0,1
2119,13:20:00,13:20:00,136,5,,0,0,1
2119,13:32:00,13:32:00,138,6,,0,0,1
2120,13:01:00,13:01:00,87,1,,0,0,1
2120,13:08:00,13:08:00,11,2,,0,0,1
2120,13:25:00,13:25:00,23,3,,0,0,1
2120,13:38:00,13:38:00,137,4,,0,0,1
2120,13:58:00,13:58:00,136,5,,0,0,1
2120,14:10:00,14:10:00,138,6,,0,0,1
2121,13:39:00,13:39:00,87,1,,0,0,1
2121,13:46:00,13:46:00,11,2,,0,0,1
2121,14:03:00,14:03:00,23,3,,0,0,1
2121,14:16:00,14:16:00,137,4,,0,0,1
2121,14:36:00,14:36:00,136,5,,0,0,1
2121,14:48:00,14:48:00,138,6,,0,0,1
2122,14:17:00,14:17:00,87,1,,0,0,1
2122,14:24:00,14:24:00,11,2,,0,0,1
2122,14:41:00,14:41:00,23,3,,0,0,1
2122,14:54:00,14:54:00,137,4,,0,0,1
2122,15:14:00,15:14:00,136,5,,0,0,1
2122,15:26:00,15:26:00,138,6,,0,0,1
2123,14:55:00,14:55:00,87,1,,0,0,1
2123,15:02:00,15:02:00,11,2,,0,0,1
2123,15:19:00,15:19:00,23,3,,0,0,1
2123,15:32:00,15:32:00,137,4,,0,0,1
2123,15:52:00,15:52:00,136,5,,0,0,1
2123,16:04:00,16:04:00,138,6,,0,0,1
2124,15:33:00,15:33:00,87,1,,0,0,1
2124,15:40:00,15:40:00,11,2,,0,0,1
2124,15:57:00,15:57:00,23,3,,0,0,1
2124,16:10:00,16:10:00,137,4,,0,0,1
2124,16:30:00,16:30:00,136,5,,0,0,1
2124,16:42:00,16:42:00,138,6,,0,0,1
2125,16:11:00,16:11:00,87,1,,0,0,1
2125,16:18:00,16:18:00,11,2,,0,0,1
2125,16:35:00,16:35:00,23,3,,0,0,1
2125,16:48:00,16:48:00,137,4,,0,0,1
2125,17:08:00,17:08:00,136,5,,0,0,1
2125,17:20:00,17:20:00,138,6,,0,0,1
2126,16:49:00,16:49:00,87,1,,0,0,1
2126,16:56:00,16:56:00,11,2,,0,0,1
2126,17:13:00,17:13:00,23,3,,0,0,1
2126,17:26:00,17:26:00,137,4,,0,0,1
2126,17:46:00,17:46:00,136,5,,0,0,1
2126,17:58:00,17:58:00,138,6,,0,0,1
2127,17:27:00,17:27:00,87,1,,0,0,1
2127,17:34:00,17:34:00,11,2,,0,0,1
2127,17:51:00,17:51:00,23,3,,0,0,1
2127,18:04:00,18:04:00,137,4,,0,0,1
2127,18:24:00,18:24:00,136,5,,0,0,1
2127,18:36:00,18:36:00,138,6,,0,0,1
2128,18:05:00,18:05:00,87,1,,0,0,1
2128,18:12:00,18:12:00,11,2,,0,0,1
2128,18:29:00,18:29:00,23,3,,0,0,1
2128,18:42:00,18:42:00,137,4,,0,0,1
2128,19:02:00,19:02:00,136,5,,0,0,1
2128,19:14:00,19:14:00,138,6,,0,0,1
2129,18:43:00,18:43:00,87,1,,0,0,1
2129,18:50:00,18:50:00,11,2,,0,0,1
2129,19:07:00,19:07:00,23,3,,0,0,1
2129,19:20:00,19:20:00,137,4,,0,0,1
2129,19:40:00,19:40:00,136,5,,0,0,1
2129,19:52:00,19:52:00,138,6,,0,0,1
2130,19:21:00,19:21:00,87,1,,0,0,1
2130,19:28:00,19:28:00,11,2,,0,0,1
2130,19:45:00,19:45:00,23,3,,0,0,1
2130,19:58:00,19:58:00,137,4,,0,0,1
2130,20:18:00,20:18:00,136,5,,0,0,1
2130,20:30:00,20:30:00,138,6,,0,0,1
2131,19:59:00,19:59:00,87,1,,0,0,1
2131,20:06:00,20:06:00,11,2,,0,0,1
2131,20:23:00,20:23:00,23,3,,0,0,1
2131,20:36:00,20:36:00,137,4,,0,0,1
2131,20:56:00,20:56:00,136,5,,0,0,1
2131,21:08:00,21:08:00,138,6,,0,0,1
2132,20:37:00,20:37:00,87,1,,0,0,1
2132,20:44:00,20:44:00,11,2,,0,0,1
2132,21:01:00,21:01:00,23,3,,0,0,1
2132,21:14:00,21:14:00,137,4,,0,0,1
2132,21:34:00,21:34:00,136,5,,0,0,1
2132,21:46:00,21:46:00,138,6,,0,0,1
2133,10:29:00,10:29:00,87,1,,0,0,1
2133,10:41:00,10:41:00,120,2,,0,0,1
2133,10:56:00,10:56:00,17,3,,0,0,1
2133,11:03:00,11:03:00,90,4,,0,0,1
2133,11:09:00,11:09:00,25,5,,0,0,1
2133,11:17:00,11:17:00,89,6,,0,0,1
2133,11:21:00,11:21:00,113,7,,0,0,1
2134,11:26:00,11:26:00,87,1,,0,0,1
2134,11:38:00,11:38:00,120,2,,0,0,1
2134,11:53:00,11:53:00,17,3,,0,0,1
2134,12:00:00,12:00:00,90,4,,0,0,1
2134,12:06:00,12:06:00,25,5,,0,0,1
2134,12:14:00,12:14:00,89,6,,0,0,1
2134,12:18:00,12:18:00,113,7,,0,0,1
2135,12:23:00,12:23:00,87,1,,0,0,1
2135,12:35:00,12:35:00,120,2,,0,0,1
2135,12:50:00,12:50:00,17,3,,0,0,1
2135,12:57:00,12:57:00,90,4,,0,0,1
2135,13:03:00,13:03:00,25,5,,0,0,1
2135,13:11:00,13:11:00,89,6,,0,0,1
2135,13:15:00,13:15:00,113,7,,0,0,1
2136,13:20:00,13:20:00,87,1,,0,0,1
2136,13:32:00,13:32:00,120,2,,0,0,1
2136,13:47:00,13:47:00,17,3,,0,0,1
2136,13:54:00,13:54:00,90,4,,0,0,1
2136,14:00:00,14:00:00,25,5,,0,0,1
2136,14:08:00,14:08:00,89,6,,0,0,1
2136,14:12:00,14:12:00,113,7,,0,0,1
2137,14:17:00,14:17:00,87,1,,0,0,1
2137,14:29:00,14:29:00,120,2,,0,0,1
2137,14:44:00,14:44:00,17,3,,0,0,1
2137,14:51:00,14:51:00,90,4,,0,0,1
2137,14:57:00,14:57:00,25,5,,0,0,1
2137,15:05:00,15:05:00,89,6,,0,0,1
2137,15:09:00,15:09:00,113,7,,0,0,1
2138,15:17:00,15:17:00,87,1,,0,0,1
2138,15:29:00,15:29:00,120,2,,0,0,1
2138,15:44:00,15:44:00,17,3,,0,0,1
2138,15:51:00,15:51:00,90,4,,0,0,1
2138,15:57:00,15:57:00,25,5,,0,0,1
2138,16:05:00,16:05:00,89,6,,0,0,1
2138,16:09:00,16:09:00,113,7,,0,0,1
2139,16:13:00,16:13:00,87,1,,0,0,1
2139,16:25:00,16:25:00,120,2,,0,0,1
2139,16:42:00,16:42:00,17,3,,0,0,1
2139,16:49:00,16:49:00,90,4,,0,0,1
2139,16:54:00,16:54:00,25,5,,0,0,1
2139,17:02:00,17:02:00,89,6,,0,0,1
2139,17:06:00,17:06:00,113,7,,0,0,1
2140,16:52:00,16:52:00,87,1,,0,0,1
2140,17:04:00,17:04:00,120,2,,0,0,1
2140,17:21:00,17:21:00,17,3,,0,0,1
2140,17:28:00,17:28:00,90,4,,0,0,1
2140,17:33:00,17:33:00,25,5,,0,0,1
2140,17:41:00,17:41:00,89,6,,0,0,1
2140,17:45:00,17:45:00,113,7,,0,0,1
2141,17:31:00,17:31:00,87,1,,0,0,1
2141,17:43:00,17:43:00,120,2,,0,0,1
2141,18:00:00,18:00:00,17,3,,0,0,1
2141,18:07:00,18:07:00,90,4,,0,0,1
2141,18:12:00,18:12:00,25,5,,0,0,1
2141,18:20:00,18:20:00,89,6,,0,0,1
2141,18:24:00,18:24:00,113,7,,0,0,1
2142,18:13:00,18:13:00,87,1,,0,0,1
2142,18:25:00,18:25:00,120,2,,0,0,1
2142,18:42:00,18:42:00,17,3,,0,0,1
2142,18:49:00,18:49:00,90,4,,0,0,1
2142,18:54:00,18:54:00,25,5,,0,0,1
2142,19:02:00,19:02:00,89,6,,0,0,1
2142,19:06:00,19:06:00,113,7,,0,0,1
2143,18:52:00,18:52:00,87,1,,0,0,1
2143,19:04:00,19:04:00,120,2,,0,0,1
2143,19:21:00,19:21:00,17,3,,0,0,1
2143,19:28:00,19:28:00,90,4,,0,0,1
2143,19:33:00,19:33:00,25,5,,0,0,1
2143,19:41:00,19:41:00,89,6,,0,0,1
2143,19:45:00,19:45:00,113,7,,0,0,1
2144,19:28:00,19:28:00,87,1,,0,0,1
2144,19:40:00,19:40:00,120,2,,0,0,1
2144,19:55:00,19:55:00,17,3,,0,0,1
2144,20:02:00,20:02:00,90,4,,0,0,1
2144,20:08:00,20:08:00,25,5,,0,0,1
2144,20:16:00,20:16:00,89,6,,0,0,1
2144,20:20:00,20:20:00,113,7,,0,0,1
2145,20:07:00,20:07:00,87,1,,0,0,1
2145,20:19:00,20:19:00,120,2,,0,0,1
2145,20:34:00,20:34:00,17,3,,0,0,1
2145,20:41:00,20:41:00,90,4,,0,0,1
2145,20:47:00,20:47:00,25,5,,0,0,1
2145,20:55:00,20:55:00,89,6,,0,0,1
2145,20:59:00,20:59:00,113,7,,0,0,1
2146,11:26:00,11:26:00,113,1,,0,0,1
2146,11:32:00,11:32:00,89,2,,0,0,1
2146,11:40:00,11:40:00,25,3,,0,0,1
2146,11:46:00,11:46:00,90,4,,0,0,1
2146,11:53:00,11:53:00,17,5,,0,0,1
2146,12:07:00,12:07:00,120,6,,0,0,1
2146,12:17:00,12:17:00,87,7,,0,0,1
2147,12:23:00,12:23:00,113,1,,0,0,1
2147,12:29:00,12:29:00,89,2,,0,0,1
2147,12:37:00,12:37:00,25,3,,0,0,1
2147,12:43:00,12:43:00,90,4,,0,0,1
2147,12:50:00,12:50:00,17,5,,0,0,1
2147,13:04:00,13:04:00,120,6,,0,0,1
2147,13:14:00,13:14:00,87,7,,0,0,1
2148,13:20:00,13:20:00,113,1,,0,0,1
2148,13:26:00,13:26:00,89,2,,0,0,1
2148,13:34:00,13:34:00,25,3,,0,0,1
2148,13:40:00,13:40:00,90,4,,0,0,1
2148,13:47:00,13:47:00,17,5,,0,0,1
2148,14:01:00,14:01:00,120,6,,0,0,1
2148,14:11:00,14:11:00,87,7,,0,0,1
2149,14:17:00,14:17:00,113,1,,0,0,1
2149,14:23:00,14:23:00,89,2,,0,0,1
2149,14:31:00,14:31:00,25,3,,0,0,1
2149,14:37:00,14:37:00,90,4,,0,0,1
2149,14:44:00,14:44:00,17,5,,0,0,1
2149,14:58:00,14:58:00,120,6,,0,0,1
2149,15:08:00,15:08:00,87,7,,0,0,1
2150,15:14:00,15:14:00,113,1,,0,0,1
2150,15:20:00,15:20:00,89,2,,0,0,1
2150,15:28:00,15:28:00,25,3,,0,0,1
2150,15:34:00,15:34:00,90,4,,0,0,1
2150,15:41:00,15:41:00,17,5,,0,0,1
2150,15:55:00,15:55:00,120,6,,0,0,1
2150,16:05:00,16:05:00,87,7,,0,0,1
2151,16:14:00,16:14:00,113,1,,0,0,1
2151,16:20:00,16:20:00,89,2,,0,0,1
2151,16:28:00,16:28:00,25,3,,0,0,1
2151,16:34:00,16:34:00,90,4,,0,0,1
2151,16:41:00,16:41:00,17,5,,0,0,1
2151,16:55:00,16:55:00,120,6,,0,0,1
2151,17:05:00,17:05:00,87,7,,0,0,1
2152,17:14:00,17:14:00,113,1,,0,0,1
2152,17:20:00,17:20:00,89,2,,0,0,1
2152,17:29:00,17:29:00,25,3,,0,0,1
2152,17:35:00,17:35:00,90,4,,0,0,1
2152,17:42:00,17:42:00,17,5,,0,0,1
2152,17:56:00,17:56:00,120,6,,0,0,1
2152,18:06:00,18:06:00,87,7,,0,0,1
2153,17:50:00,17:50:00,113,1,,0,0,1
2153,17:56:00,17:56:00,89,2,,0,0,1
2153,18:05:00,18:05:00,25,3,,0,0,1
2153,18:11:00,18:11:00,90,4,,0,0,1
2153,18:18:00,18:18:00,17,5,,0,0,1
2153,18:32:00,18:32:00,120,6,,0,0,1
2153,18:42:00,18:42:00,87,7,,0,0,1
2154,18:29:00,18:29:00,113,1,,0,0,1
2154,18:35:00,18:35:00,89,2,,0,0,1
2154,18:44:00,18:44:00,25,3,,0,0,1
2154,18:50:00,18:50:00,90,4,,0,0,1
2154,18:57:00,18:57:00,17,5,,0,0,1
2154,19:11:00,19:11:00,120,6,,0,0,1
2154,19:21:00,19:21:00,87,7,,0,0,1
2155,19:11:00,19:11:00,113,1,,0,0,1
2155,19:17:00,19:17:00,89,2,,0,0,1
2155,19:26:00,19:26:00,25,3,,0,0,1
2155,19:32:00,19:32:00,90,4,,0,0,1
2155,19:39:00,19:39:00,17,5,,0,0,1
2155,19:53:00,19:53:00,120,6,,0,0,1
2155,20:03:00,20:03:00,87,7,,0,0,1
2156,19:50:00,19:50:00,113,1,,0,0,1
2156,19:56:00,19:56:00,89,2,,0,0,1
2156,20:05:00,20:05:00,25,3,,0,0,1
2156,20:11:00,20:11:00,90,4,,0,0,1
2156,20:18:00,20:18:00,17,5,,0,0,1
2156,20:32:00,20:32:00,120,6,,0,0,1
2156,20:42:00,20:42:00,87,7,,0,0,1
2157,20:25:00,20:25:00,113,1,,0,0,1
2157,20:31:00,20:31:00,89,2,,0,0,1
2157,20:39:00,20:39:00,25,3,,0,0,1
2157,20:45:00,20:45:00,90,4,,0,0,1
2157,20:52:00,20:52:00,17,5,,0,0,1
2157,21:06:00,21:06:00,120,6,,0,0,1
2157,21:16:00,21:16:00,87,7,,0,0,1
2218,09:21:00,09:21:00,62,1,,0,0,1
2218,09:23:00,09:23:00,61,2,,0,0,1
2218,09:27:00,09:27:00,37,3,,0,0,1
2218,09:30:00,09:30:00,103,4,,0,0,1
2218,09:36:00,09:36:00,105,5,,0,0,1
2218,09:39:00,09:39:00,39,6,,0,0,1
2218,09:43:00,09:43:00,104,7,,0,0,1
2218,09:45:00,09:45:00,142,8,,0,0,1
2218,09:51:00,09:51:00,16,9,,0,0,1
2219,14:53:00,14:53:00,62,1,,0,0,1
2219,14:55:00,14:55:00,61,2,,0,0,1
2219,14:59:00,14:59:00,37,3,,0,0,1
2219,15:02:00,15:02:00,103,4,,0,0,1
2219,15:08:00,15:08:00,105,5,,0,0,1
2219,15:11:00,15:11:00,39,6,,0,0,1
2219,15:15:00,15:15:00,104,7,,0,0,1
2219,15:17:00,15:17:00,142,8,,0,0,1
2219,15:23:00,15:23:00,16,9,,0,0,1
2220,15:37:00,15:37:00,62,1,,0,0,1
2220,15:39:00,15:39:00,61,2,,0,0,1
2220,15:43:00,15:43:00,37,3,,0,0,1
2220,15:46:00,15:46:00,103,4,,0,0,1
2220,15:52:00,15:52:00,105,5,,0,0,1
2220,15:55:00,15:55:00,39,6,,0,0,1
2220,15:59:00,15:59:00,104,7,,0,0,1
2220,16:01:00,16:01:00,142,8,,0,0,1
2220,16:07:00,16:07:00,16,9,,0,0,1
2221,16:21:00,16:21:00,62,1,,0,0,1
2221,16:23:00,16:23:00,61,2,,0,0,1
2221,16:27:00,16:27:00,37,3,,0,0,1
2221,16:30:00,16:30:00,103,4,,0,0,1
2221,16:36:00,16:36:00,105,5,,0,0,1
2221,16:39:00,16:39:00,39,6,,0,0,1
2221,16:43:00,16:43:00,104,7,,0,0,1
2221,16:45:00,16:45:00,142,8,,0,0,1
2221,16:51:00,16:51:00,16,9,,0,0,1
2222,17:05:00,17:05:00,62,1,,0,0,1
2222,17:07:00,17:07:00,61,2,,0,0,1
2222,17:11:00,17:11:00,37,3,,0,0,1
2222,17:14:00,17:14:00,103,4,,0,0,1
2222,17:20:00,17:20:00,105,5,,0,0,1
2222,17:23:00,17:23:00,39,6,,0,0,1
2222,17:27:00,17:27:00,104,7,,0,0,1
2222,17:29:00,17:29:00,142,8,,0,0,1
2222,17:35:00,17:35:00,16,9,,0,0,1
2223,18:34:00,18:34:00,62,1,,0,0,1
2223,18:36:00,18:36:00,61,2,,0,0,1
2223,18:40:00,18:40:00,37,3,,0,0,1
2223,18:43:00,18:43:00,103,4,,0,0,1
2223,18:49:00,18:49:00,105,5,,0,0,1
2223,18:52:00,18:52:00,39,6,,0,0,1
2223,18:56:00,18:56:00,104,7,,0,0,1
2223,18:58:00,18:58:00,142,8,,0,0,1
2223,19:04:00,19:04:00,16,9,,0,0,1
2224,09:53:00,09:53:00,16,1,,0,1,1
2224,09:59:00,09:59:00,149,2,,1,0,1
2224,10:03:00,10:03:00,43,3,,1,0,1
2224,10:06:00,10:06:00,150,4,,1,0,1
2224,10:12:00,10:12:00,151,5,,1,0,1
2224,10:15:00,10:15:00,45,6,,1,0,1
2224,10:19:00,10:19:00,46,7,,1,0,1
2224,10:21:00,10:21:00,62,8,,0,0,1
2225,15:25:00,15:25:00,16,1,,0,1,1
2225,15:31:00,15:31:00,149,2,,1,0,1
2225,15:35:00,15:35:00,43,3,,1,0,1
2225,15:38:00,15:38:00,150,4,,1,0,1
2225,15:44:00,15:44:00,151,5,,1,0,1
2225,15:47:00,15:47:00,45,6,,1,0,1
2225,15:51:00,15:51:00,46,7,,1,0,1
2225,15:53:00,15:53:00,62,8,,0,0,1
2226,16:09:00,16:09:00,16,1,,0,1,1
2226,16:15:00,16:15:00,149,2,,1,0,1
2226,16:19:00,16:19:00,43,3,,1,0,1
2226,16:22:00,16:22:00,150,4,,1,0,1
2226,16:28:00,16:28:00,151,5,,1,0,1
2226,16:31:00,16:31:00,45,6,,1,0,1
2226,16:35:00,16:35:00,46,7,,1,0,1
2226,16:37:00,16:37:00,62,8,,0,0,1
2227,16:53:00,16:53:00,16,1,,0,1,1
2227,16:59:00,16:59:00,149,2,,1,0,1
2227,17:03:00,17:03:00,43,3,,1,0,1
2227,17:06:00,17:06:00,150,4,,1,0,1
2227,17:12:00,17:12:00,151,5,,1,0,1
2227,17:15:00,17:15:00,45,6,,1,0,1
2227,17:19:00,17:19:00,46,7,,1,0,1
2227,17:21:00,17:21:00,62,8,,0,0,1
2228,17:37:00,17:37:00,16,1,,0,1,1
2228,17:43:00,17:43:00,149,2,,1,0,1
2228,17:47:00,17:47:00,43,3,,1,0,1
2228,17:50:00,17:50:00,150,4,,1,0,1
2228,17:56:00,17:56:00,151,5,,1,0,1
2228,17:59:00,17:59:00,45,6,,1,0,1
2228,18:03:00,18:03:00,46,7,,1,0,1
2228,18:05:00,18:05:00,62,8,,0,0,1
2229,19:06:00,19:06:00,16,1,,0,1,1
2229,19:12:00,19:12:00,149,2,,1,0,1
2229,19:16:00,19:16:00,43,3,,1,0,1
2229,19:19:00,19:19:00,150,4,,1,0,1
2229,19:25:00,19:25:00,151,5,,1,0,1
2229,19:28:00,19:28:00,45,6,,1,0,1
2229,19:32:00,19:32:00,46,7,,1,0,1
2229,19:34:00,19:34:00,62,8,,0,0,1
2230,09:36:00,09:36:00,48,1,,0,0,1
2230,09:38:00,09:38:00,49,2,,0,0,1
2230,09:39:00,09:39:00,50,3,,0,0,1
2230,09:41:00,09:41:00,51,4,,0,0,1
2230,09:43:00,09:43:00,52,5,,0,0,1
2230,09:45:00,09:45:00,145,6,,0,0,1
2230,09:51:00,09:51:00,16,7,,0,0,1
2231,15:08:00,15:08:00,48,1,,0,0,1
2231,15:10:00,15:10:00,49,2,,0,0,1
2231,15:11:00,15:11:00,50,3,,0,0,1
2231,15:13:00,15:13:00,51,4,,0,0,1
2231,15:15:00,15:15:00,52,5,,0,0,1
2231,15:17:00,15:17:00,145,6,,0,0,1
2231,15:23:00,15:23:00,16,7,,0,0,1
2232,15:52:00,15:52:00,48,1,,0,0,1
2232,15:54:00,15:54:00,49,2,,0,0,1
2232,15:55:00,15:55:00,50,3,,0,0,1
2232,15:57:00,15:57:00,51,4,,0,0,1
2232,15:59:00,15:59:00,52,5,,0,0,1
2232,16:01:00,16:01:00,145,6,,0,0,1
2232,16:07:00,16:07:00,16,7,,0,0,1
2233,16:36:00,16:36:00,48,1,,0,0,1
2233,16:38:00,16:38:00,49,2,,0,0,1
2233,16:39:00,16:39:00,50,3,,0,0,1
2233,16:41:00,16:41:00,51,4,,0,0,1
2233,16:43:00,16:43:00,52,5,,0,0,1
2233,16:45:00,16:45:00,145,6,,0,0,1
2233,16:51:00,16:51:00,16,7,,0,0,1
2234,17:20:00,17:20:00,48,1,,0,0,1
2234,17:22:00,17:22:00,49,2,,0,0,1
2234,17:23:00,17:23:00,50,3,,0,0,1
2234,17:25:00,17:25:00,51,4,,0,0,1
2234,17:27:00,17:27:00,52,5,,0,0,1
2234,17:29:00,17:29:00,145,6,,0,0,1
2234,17:35:00,17:35:00,16,7,,0,0,1
2235,18:49:00,18:49:00,48,1,,0,0,1
2235,18:51:00,18:51:00,49,2,,0,0,1
2235,18:52:00,18:52:00,50,3,,0,0,1
2235,18:54:00,18:54:00,51,4,,0,0,1
2235,18:56:00,18:56:00,52,5,,0,0,1
2235,18:58:00,18:58:00,145,6,,0,0,1
2235,19:04:00,19:04:00,16,7,,0,0,1
2236,09:53:00,09:53:00,16,1,,0,0,1
2236,09:59:00,09:59:00,55,2,,1,0,1
2236,10:01:00,10:01:00,56,3,,1,0,1
2236,10:03:00,10:03:00,57,4,,1,0,1
2236,10:05:00,10:05:00,58,5,,1,0,1
2236,10:06:00,10:06:00,49,6,,1,0,1
2236,10:08:00,10:08:00,48,7,,0,0,1
2237,15:25:00,15:25:00,16,1,,0,0,1
2237,15:31:00,15:31:00,55,2,,1,0,1
2237,15:33:00,15:33:00,56,3,,1,0,1
2237,15:35:00,15:35:00,57,4,,1,0,1
2237,15:37:00,15:37:00,58,5,,1,0,1
2237,15:38:00,15:38:00,49,6,,1,0,1
2237,15:40:00,15:40:00,48,7,,0,0,1
2238,16:09:00,16:09:00,16,1,,0,0,1
2238,16:15:00,16:15:00,55,2,,1,0,1
2238,16:17:00,16:17:00,56,3,,1,0,1
2238,16:19:00,16:19:00,57,4,,1,0,1
2238,16:21:00,16:21:00,58,5,,1,0,1
2238,16:22:00,16:22:00,49,6,,1,0,1
2238,16:24:00,16:24:00,48,7,,0,0,1
2239,16:53:00,16:53:00,16,1,,0,0,1
2239,16:59:00,16:59:00,55,2,,1,0,1
2239,17:01:00,17:01:00,56,3,,1,0,1
2239,17:03:00,17:03:00,57,4,,1,0,1
2239,17:05:00,17:05:00,58,5,,1,0,1
2239,17:06:00,17:06:00,49,6,,1,0,1
2239,17:08:00,17:08:00,48,7,,0,0,1
2240,17:37:00,17:37:00,16,1,,0,0,1
2240,17:43:00,17:43:00,55,2,,1,0,1
2240,17:45:00,17:45:00,56,3,,1,0,1
2240,17:47:00,17:47:00,57,4,,1,0,1
2240,17:49:00,17:49:00,58,5,,1,0,1
2240,17:50:00,17:50:00,49,6,,1,0,1
2240,17:52:00,17:52:00,48,7,,0,0,1
2241,19:06:00,19:06:00,16,1,,0,0,1
2241,19:12:00,19:12:00,55,2,,1,0,1
2241,19:14:00,19:14:00,56,3,,1,0,1
2241,19:16:00,19:16:00,57,4,,1,0,1
2241,19:18:00,19:18:00,58,5,,1,0,1
2241,19:19:00,19:19:00,49,6,,1,0,1
2241,19:21:00,19:21:00,48,7,,0,0,1
2356,06:33:00,06:33:00,17,1,,0,0,1
2356,06:45:00,06:45:00,115,2,,0,0,1
2356,06:54:00,06:54:00,87,3,,0,0,1
2356,07:01:00,07:01:00,11,4,,0,0,1
2356,07:09:00,07:09:00,24,5,,0,0,1
2356,07:13:00,07:13:00,111,6,,0,0,1
2357,10:18:00,10:18:00,17,1,,0,0,1
2357,10:30:00,10:30:00,115,2,,0,0,1
2357,10:41:00,10:41:00,87,3,,0,0,1
2357,10:48:00,10:48:00,11,4,,0,0,1
2357,10:56:00,10:56:00,24,5,,0,0,1
2357,11:00:00,11:00:00,111,6,,0,0,1
2358,11:06:00,11:06:00,17,1,,0,0,1
2358,11:18:00,11:18:00,115,2,,0,0,1
2358,11:29:00,11:29:00,87,3,,0,0,1
2358,11:36:00,11:36:00,11,4,,0,0,1
2358,11:44:00,11:44:00,24,5,,0,0,1
2358,11:48:00,11:48:00,111,6,,0,0,1
2359,11:54:00,11:54:00,17,1,,0,0,1
2359,12:06:00,12:06:00,115,2,,0,0,1
2359,12:17:00,12:17:00,87,3,,0,0,1
2359,12:24:00,12:24:00,11,4,,0,0,1
2359,12:32:00,12:32:00,24,5,,0,0,1
2359,12:36:00,12:36:00,111,6,,0,0,1
2360,12:42:00,12:42:00,17,1,,0,0,1
2360,12:54:00,12:54:00,115,2,,0,0,1
2360,13:05:00,13:05:00,87,3,,0,0,1
2360,13:12:00,13:12:00,11,4,,0,0,1
2360,13:20:00,13:20:00,24,5,,0,0,1
2360,13:24:00,13:24:00,111,6,,0,0,1
2361,13:51:00,13:51:00,17,1,,0,0,1
2361,14:03:00,14:03:00,115,2,,0,0,1
2361,14:14:00,14:14:00,87,3,,0,0,1
2361,14:21:00,14:21:00,11,4,,0,0,1
2361,14:29:00,14:29:00,24,5,,0,0,1
2361,14:33:00,14:33:00,111,6,,0,0,1
2362,14:41:00,14:41:00,17,1,,0,0,1
2362,14:53:00,14:53:00,115,2,,0,0,1
2362,15:04:00,15:04:00,87,3,,0,0,1
2362,15:11:00,15:11:00,11,4,,0,0,1
2362,15:19:00,15:19:00,24,5,,0,0,1
2362,15:23:00,15:23:00,111,6,,0,0,1
2363,15:29:00,15:29:00,17,1,,0,0,1
2363,15:41:00,15:41:00,115,2,,0,0,1
2363,15:52:00,15:52:00,87,3,,0,0,1
2363,15:59:00,15:59:00,11,4,,0,0,1
2363,16:07:00,16:07:00,24,5,,0,0,1
2363,16:11:00,16:11:00,111,6,,0,0,1
2364,16:17:00,16:17:00,17,1,,0,0,1
2364,16:29:00,16:29:00,115,2,,0,0,1
2364,16:40:00,16:40:00,87,3,,0,0,1
2364,16:47:00,16:47:00,11,4,,0,0,1
2364,16:55:00,16:55:00,24,5,,0,0,1
2364,16:59:00,16:59:00,111,6,,0,0,1
2365,17:05:00,17:05:00,17,1,,0,0,1
2365,17:17:00,17:17:00,115,2,,0,0,1
2365,17:28:00,17:28:00,87,3,,0,0,1
2365,17:35:00,17:35:00,11,4,,0,0,1
2365,17:43:00,17:43:00,24,5,,0,0,1
2365,17:47:00,17:47:00,111,6,,0,0,1
2366,17:54:00,17:54:00,17,1,,0,0,1
2366,18:06:00,18:06:00,115,2,,0,0,1
2366,18:17:00,18:17:00,87,3,,0,0,1
2366,18:24:00,18:24:00,11,4,,0,0,1
2366,18:29:00,18:29:00,24,5,,0,0,1
2367,18:43:00,18:43:00,17,1,,0,0,1
2367,18:55:00,18:55:00,115,2,,0,0,1
2367,19:06:00,19:06:00,87,3,,0,0,1
2367,19:13:00,19:13:00,11,4,,0,0,1
2367,19:18:00,19:18:00,24,5,,0,0,1
2368,19:32:00,19:32:00,17,1,,0,0,1
2368,19:44:00,19:44:00,115,2,,0,0,1
2368,19:55:00,19:55:00,87,3,,0,0,1
2368,20:02:00,20:02:00,11,4,,0,0,1
2368,20:07:00,20:07:00,24,5,,0,0,1
2369,20:21:00,20:21:00,17,1,,0,0,1
2369,20:33:00,20:33:00,115,2,,0,0,1
2369,20:44:00,20:44:00,87,3,,0,0,1
2369,20:51:00,20:51:00,11,4,,0,0,1
2369,20:56:00,20:56:00,24,5,,0,0,1
2370,20:58:00,20:58:00,17,1,,0,0,1
2370,21:10:00,21:10:00,115,2,,0,0,1
2370,21:21:00,21:21:00,87,3,,0,0,1
2370,21:28:00,21:28:00,11,4,,0,0,1
2370,21:33:00,21:33:00,24,5,,0,0,1
2371,07:18:00,07:18:00,111,1,,0,0,1
2371,07:25:00,07:25:00,24,2,,0,0,1
2371,07:33:00,07:33:00,11,3,,0,0,1
2371,07:41:00,07:41:00,87,4,,0,0,1
2371,07:48:00,07:48:00,115,5,,0,0,1
2371,07:57:00,07:57:00,17,6,,0,0,1
2372,11:05:00,11:05:00,111,1,,0,0,1
2372,11:12:00,11:12:00,24,2,,0,0,1
2372,11:21:00,11:21:00,11,3,,0,0,1
2372,11:30:00,11:30:00,87,4,,0,0,1
2372,11:38:00,11:38:00,115,5,,0,0,1
2372,11:47:00,11:47:00,17,6,,0,0,1
2373,11:53:00,11:53:00,111,1,,0,0,1
2373,12:00:00,12:00:00,24,2,,0,0,1
2373,12:09:00,12:09:00,11,3,,0,0,1
2373,12:18:00,12:18:00,87,4,,0,0,1
2373,12:26:00,12:26:00,115,5,,0,0,1
2373,12:35:00,12:35:00,17,6,,0,0,1
2374,13:03:00,13:03:00,111,1,,0,0,1
2374,13:10:00,13:10:00,24,2,,0,0,1
2374,13:19:00,13:19:00,11,3,,0,0,1
2374,13:28:00,13:28:00,87,4,,0,0,1
2374,13:36:00,13:36:00,115,5,,0,0,1
2374,13:45:00,13:45:00,17,6,,0,0,1
2375,13:53:00,13:53:00,111,1,,0,0,1
2375,14:00:00,14:00:00,24,2,,0,0,1
2375,14:09:00,14:09:00,11,3,,0,0,1
2375,14:18:00,14:18:00,87,4,,0,0,1
2375,14:26:00,14:26:00,115,5,,0,0,1
2375,14:35:00,14:35:00,17,6,,0,0,1
2376,14:38:00,14:38:00,111,1,,0,0,1
2376,14:45:00,14:45:00,24,2,,0,0,1
2376,14:54:00,14:54:00,11,3,,0,0,1
2376,15:03:00,15:03:00,87,4,,0,0,1
2376,15:11:00,15:11:00,115,5,,0,0,1
2376,15:20:00,15:20:00,17,6,,0,0,1
2377,15:28:00,15:28:00,111,1,,0,0,1
2377,15:35:00,15:35:00,24,2,,0,0,1
2377,15:44:00,15:44:00,11,3,,0,0,1
2377,15:53:00,15:53:00,87,4,,0,0,1
2377,16:01:00,16:01:00,115,5,,0,0,1
2377,16:10:00,16:10:00,17,6,,0,0,1
2378,16:16:00,16:16:00,111,1,,0,0,1
2378,16:23:00,16:23:00,24,2,,0,0,1
2378,16:32:00,16:32:00,11,3,,0,0,1
2378,16:41:00,16:41:00,87,4,,0,0,1
2378,16:49:00,16:49:00,115,5,,0,0,1
2378,16:58:00,16:58:00,17,6,,0,0,1
2379,17:05:00,17:05:00,111,1,,0,0,1
2379,17:13:00,17:13:00,24,2,,0,0,1
2379,17:22:00,17:22:00,11,3,,0,0,1
2379,17:31:00,17:31:00,87,4,,0,0,1
2379,17:39:00,17:39:00,115,5,,0,0,1
2379,17:48:00,17:48:00,17,6,,0,0,1
2380,17:53:00,17:53:00,111,1,,0,0,1
2380,18:01:00,18:01:00,24,2,,0,0,1
2380,18:10:00,18:10:00,11,3,,0,0,1
2380,18:19:00,18:19:00,87,4,,0,0,1
2380,18:27:00,18:27:00,115,5,,0,0,1
2380,18:36:00,18:36:00,17,6,,0,0,1
2381,18:40:00,18:40:00,24,1,,0,0,1
2381,18:49:00,18:49:00,11,2,,0,0,1
2381,18:58:00,18:58:00,87,3,,0,0,1
2381,19:06:00,19:06:00,115,4,,0,0,1
2381,19:15:00,19:15:00,17,5,,0,0,1
2382,19:29:00,19:29:00,24,1,,0,0,1
2382,19:38:00,19:38:00,11,2,,0,0,1
2382,19:47:00,19:47:00,87,3,,0,0,1
2382,19:55:00,19:55:00,115,4,,0,0,1
2382,20:04:00,20:04:00,17,5,,0,0,1
2383,20:17:00,20:17:00,24,1,,0,0,1
2383,20:26:00,20:26:00,11,2,,0,0,1
2383,20:35:00,20:35:00,87,3,,0,0,1
2383,20:43:00,20:43:00,115,4,,0,0,1
2383,20:52:00,20:52:00,17,5,,0,0,1
2384,21:06:00,21:06:00,24,1,,0,0,1
2384,21:15:00,21:15:00,11,2,,0,0,1
2384,21:24:00,21:24:00,87,3,,0,0,1
2384,21:32:00,21:32:00,115,4,,0,0,1
2384,21:41:00,21:41:00,17,5,,0,0,1
2385,09:14:00,09:14:00,17,1,,0,0,1
2385,09:26:00,09:26:00,115,2,,0,0,1
2385,09:37:00,09:37:00,87,3,,0,0,1
2385,09:45:00,09:45:00,11,4,,0,0,1
2385,09:55:00,09:55:00,24,5,,0,0,1
2385,10:01:00,10:01:00,111,6,,0,0,1
2386,10:06:00,10:06:00,17,1,,0,0,1
2386,10:18:00,10:18:00,115,2,,0,0,1
2386,10:29:00,10:29:00,87,3,,0,0,1
2386,10:37:00,10:37:00,11,4,,0,0,1
2386,10:47:00,10:47:00,24,5,,0,0,1
2386,10:53:00,10:53:00,111,6,,0,0,1
2387,10:57:00,10:57:00,17,1,,0,0,1
2387,11:09:00,11:09:00,115,2,,0,0,1
2387,11:20:00,11:20:00,87,3,,0,0,1
2387,11:28:00,11:28:00,11,4,,0,0,1
2387,11:38:00,11:38:00,24,5,,0,0,1
2387,11:44:00,11:44:00,111,6,,0,0,1
2388,11:49:00,11:49:00,17,1,,0,0,1
2388,12:01:00,12:01:00,115,2,,0,0,1
2388,12:12:00,12:12:00,87,3,,0,0,1
2388,12:20:00,12:20:00,11,4,,0,0,1
2388,12:30:00,12:30:00,24,5,,0,0,1
2388,12:36:00,12:36:00,111,6,,0,0,1
2389,12:40:00,12:40:00,17,1,,0,0,1
2389,12:52:00,12:52:00,115,2,,0,0,1
2389,13:03:00,13:03:00,87,3,,0,0,1
2389,13:11:00,13:11:00,11,4,,0,0,1
2389,13:21:00,13:21:00,24,5,,0,0,1
2389,13:27:00,13:27:00,111,6,,0,0,1
2390,13:32:00,13:32:00,17,1,,0,0,1
2390,13:44:00,13:44:00,115,2,,0,0,1
2390,13:55:00,13:55:00,87,3,,0,0,1
2390,14:03:00,14:03:00,11,4,,0,0,1
2390,14:13:00,14:13:00,24,5,,0,0,1
2390,14:19:00,14:19:00,111,6,,0,0,1
2391,14:23:00,14:23:00,17,1,,0,0,1
2391,14:35:00,14:35:00,115,2,,0,0,1
2391,14:46:00,14:46:00,87,3,,0,0,1
2391,14:54:00,14:54:00,11,4,,0,0,1
2391,15:04:00,15:04:00,24,5,,0,0,1
2391,15:10:00,15:10:00,111,6,,0,0,1
2392,15:15:00,15:15:00,17,1,,0,0,1
2392,15:27:00,15:27:00,115,2,,0,0,1
2392,15:38:00,15:38:00,87,3,,0,0,1
2392,15:46:00,15:46:00,11,4,,0,0,1
2392,15:56:00,15:56:00,24,5,,0,0,1
2392,16:02:00,16:02:00,111,6,,0,0,1
2393,16:06:00,16:06:00,17,1,,0,0,1
2393,16:18:00,16:18:00,115,2,,0,0,1
2393,16:29:00,16:29:00,87,3,,0,0,1
2393,16:37:00,16:37:00,11,4,,0,0,1
2393,16:47:00,16:47:00,24,5,,0,0,1
2393,16:53:00,16:53:00,111,6,,0,0,1
2394,16:58:00,16:58:00,17,1,,0,0,1
2394,17:10:00,17:10:00,115,2,,0,0,1
2394,17:21:00,17:21:00,87,3,,0,0,1
2394,17:29:00,17:29:00,11,4,,0,0,1
2394,17:39:00,17:39:00,24,5,,0,0,1
2394,17:45:00,17:45:00,111,6,,0,0,1
2395,17:49:00,17:49:00,17,1,,0,0,1
2395,18:01:00,18:01:00,115,2,,0,0,1
2395,18:12:00,18:12:00,87,3,,0,0,1
2395,18:20:00,18:20:00,11,4,,0,0,1
2395,18:26:00,18:26:00,24,5,,0,0,1
2396,18:41:00,18:41:00,17,1,,0,0,1
2396,18:53:00,18:53:00,115,2,,0,0,1
2396,19:04:00,19:04:00,87,3,,0,0,1
2396,19:12:00,19:12:00,11,4,,0,0,1
2396,19:18:00,19:18:00,24,5,,0,0,1
2397,19:21:00,19:21:00,17,1,,0,0,1
2397,19:33:00,19:33:00,115,2,,0,0,1
2397,19:44:00,19:44:00,87,3,,0,0,1
2397,19:52:00,19:52:00,11,4,,0,0,1
2397,19:58:00,19:58:00,24,5,,0,0,1
2398,20:13:00,20:13:00,17,1,,0,0,1
2398,20:25:00,20:25:00,115,2,,0,0,1
2398,20:36:00,20:36:00,87,3,,0,0,1
2398,20:44:00,20:44:00,11,4,,0,0,1
2398,20:50:00,20:50:00,24,5,,0,0,1
2399,20:53:00,20:53:00,17,1,,0,0,1
2399,21:05:00,21:05:00,115,2,,0,0,1
2399,21:16:00,21:16:00,87,3,,0,0,1
2399,21:24:00,21:24:00,11,4,,0,0,1
2399,21:30:00,21:30:00,24,5,,0,0,1
2400,09:15:00,09:15:00,111,1,,0,0,1
2400,09:23:00,09:23:00,24,2,,0,0,1
2400,09:33:00,09:33:00,11,3,,0,0,1
2400,09:43:00,09:43:00,87,4,,0,0,1
2400,09:51:00,09:51:00,115,5,,0,0,1
2400,10:00:00,10:00:00,17,6,,0,0,1
2401,10:06:00,10:06:00,111,1,,0,0,1
2401,10:14:00,10:14:00,24,2,,0,0,1
2401,10:24:00,10:24:00,11,3,,0,0,1
2401,10:34:00,10:34:00,87,4,,0,0,1
2401,10:42:00,10:42:00,115,5,,0,0,1
2401,10:51:00,10:51:00,17,6,,0,0,1
2402,10:58:00,10:58:00,111,1,,0,0,1
2402,11:06:00,11:06:00,24,2,,0,0,1
2402,11:16:00,11:16:00,11,3,,0,0,1
2402,11:26:00,11:26:00,87,4,,0,0,1
2402,11:34:00,11:34:00,115,5,,0,0,1
2402,11:43:00,11:43:00,17,6,,0,0,1
2403,11:49:00,11:49:00,111,1,,0,0,1
2403,11:57:00,11:57:00,24,2,,0,0,1
2403,12:07:00,12:07:00,11,3,,0,0,1
2403,12:17:00,12:17:00,87,4,,0,0,1
2403,12:25:00,12:25:00,115,5,,0,0,1
2403,12:34:00,12:34:00,17,6,,0,0,1
2404,12:41:00,12:41:00,111,1,,0,0,1
2404,12:49:00,12:49:00,24,2,,0,0,1
2404,12:59:00,12:59:00,11,3,,0,0,1
2404,13:09:00,13:09:00,87,4,,0,0,1
2404,13:17:00,13:17:00,115,5,,0,0,1
2404,13:26:00,13:26:00,17,6,,0,0,1
2405,13:32:00,13:32:00,111,1,,0,0,1
2405,13:40:00,13:40:00,24,2,,0,0,1
2405,13:50:00,13:50:00,11,3,,0,0,1
2405,14:00:00,14:00:00,87,4,,0,0,1
2405,14:08:00,14:08:00,115,5,,0,0,1
2405,14:17:00,14:17:00,17,6,,0,0,1
2406,14:24:00,14:24:00,111,1,,0,0,1
2406,14:32:00,14:32:00,24,2,,0,0,1
2406,14:42:00,14:42:00,11,3,,0,0,1
2406,14:52:00,14:52:00,87,4,,0,0,1
2406,15:00:00,15:00:00,115,5,,0,0,1
2406,15:09:00,15:09:00,17,6,,0,0,1
2407,15:15:00,15:15:00,111,1,,0,0,1
2407,15:23:00,15:23:00,24,2,,0,0,1
2407,15:33:00,15:33:00,11,3,,0,0,1
2407,15:43:00,15:43:00,87,4,,0,0,1
2407,15:51:00,15:51:00,115,5,,0,0,1
2407,16:00:00,16:00:00,17,6,,0,0,1
2408,16:07:00,16:07:00,111,1,,0,0,1
2408,16:15:00,16:15:00,24,2,,0,0,1
2408,16:25:00,16:25:00,11,3,,0,0,1
2408,16:35:00,16:35:00,87,4,,0,0,1
2408,16:43:00,16:43:00,115,5,,0,0,1
2408,16:52:00,16:52:00,17,6,,0,0,1
2409,16:58:00,16:58:00,111,1,,0,0,1
2409,17:06:00,17:06:00,24,2,,0,0,1
2409,17:16:00,17:16:00,11,3,,0,0,1
2409,17:26:00,17:26:00,87,4,,0,0,1
2409,17:34:00,17:34:00,115,5,,0,0,1
2409,17:43:00,17:43:00,17,6,,0,0,1
2410,17:50:00,17:50:00,111,1,,0,0,1
2410,17:58:00,17:58:00,24,2,,0,0,1
2410,18:08:00,18:08:00,11,3,,0,0,1
2410,18:18:00,18:18:00,87,4,,0,0,1
2410,18:26:00,18:26:00,115,5,,0,0,1
2410,18:35:00,18:35:00,17,6,,0,0,1
2411,18:38:00,18:38:00,24,1,,0,0,1
2411,18:48:00,18:48:00,11,2,,0,0,1
2411,18:58:00,18:58:00,87,3,,0,0,1
2411,19:06:00,19:06:00,115,4,,0,0,1
2411,19:15:00,19:15:00,17,5,,0,0,1
2412,19:30:00,19:30:00,24,1,,0,0,1
2412,19:40:00,19:40:00,11,2,,0,0,1
2412,19:50:00,19:50:00,87,3,,0,0,1
2412,19:58:00,19:58:00,115,4,,0,0,1
2412,20:07:00,20:07:00,17,5,,0,0,1
2413,20:10:00,20:10:00,24,1,,0,0,1
2413,20:20:00,20:20:00,11,2,,0,0,1
2413,20:30:00,20:30:00,87,3,,0,0,1
2413,20:38:00,20:38:00,115,4,,0,0,1
2413,20:47:00,20:47:00,17,5,,0,0,1
2414,21:02:00,21:02:00,24,1,,0,0,1
2414,21:12:00,21:12:00,11,2,,0,0,1
2414,21:22:00,21:22:00,87,3,,0,0,1
2414,21:30:00,21:30:00,115,4,,0,0,1
2414,21:39:00,21:39:00,17,5,,0,0,1
5299,06:06:00,06:06:00,4,1,,0,0,1
5299,06:09:00,06:09:00,17,2,,0,0,1
5300,06:31:00,06:31:00,4,1,,0,0,1
5300,06:34:00,06:34:00,17,2,,0,0,1
5301,06:26:00,06:26:00,87,1,,0,0,1
5301,06:33:00,06:33:00,20,2,,0,0,1
5301,06:45:00,06:45:00,19,3,,0,0,1
5301,06:54:00,06:54:00,4,4,,0,0,1
5301,06:57:00,06:57:00,17,5,,0,0,1
5302,06:38:00,06:38:00,87,1,,0,0,1
5302,06:45:00,06:45:00,20,2,,0,0,1
5302,06:55:00,06:55:00,8,3,,0,0,1
5302,07:05:00,07:05:00,18,4,,0,0,1
5302,07:09:00,07:09:00,17,5,,0,0,1
5303,06:50:00,06:50:00,87,1,,0,0,1
5303,06:57:00,06:57:00,20,2,,0,0,1
5303,07:09:00,07:09:00,19,3,,0,0,1
5303,07:18:00,07:18:00,4,4,,0,0,1
5303,07:21:00,07:21:00,17,5,,0,0,1
5305,07:15:00,07:15:00,87,1,,0,0,1
5305,07:22:00,07:22:00,20,2,,0,0,1
5305,07:34:00,07:34:00,19,3,,0,0,1
5305,07:43:00,07:43:00,4,4,,0,0,1
5305,07:46:00,07:46:00,17,5,,0,0,1
5306,07:26:00,07:26:00,87,1,,0,0,1
5306,07:33:00,07:33:00,20,2,,0,0,1
5306,07:43:00,07:43:00,8,3,,0,0,1
5306,07:53:00,07:53:00,18,4,,0,0,1
5306,07:57:00,07:57:00,17,5,,0,0,1
5308,07:50:00,07:50:00,87,1,,0,0,1
5308,07:57:00,07:57:00,20,2,,0,0,1
5308,08:07:00,08:07:00,8,3,,0,0,1
5308,08:17:00,08:17:00,18,4,,0,0,1
5308,08:21:00,08:21:00,17,5,,0,0,1
5311,08:27:00,08:27:00,87,1,,0,0,1
5311,08:34:00,08:34:00,20,2,,0,0,1
5311,08:46:00,08:46:00,19,3,,0,0,1
5311,08:55:00,08:55:00,4,4,,0,0,1
5311,08:58:00,08:58:00,17,5,,0,0,1
5312,08:38:00,08:38:00,87,1,,0,0,1
5312,08:45:00,08:45:00,20,2,,0,0,1
5312,08:55:00,08:55:00,8,3,,0,0,1
5312,09:05:00,09:05:00,18,4,,0,0,1
5312,09:09:00,09:09:00,17,5,,0,0,1
5314,09:02:00,09:02:00,87,1,,0,0,1
5314,09:09:00,09:09:00,20,2,,0,0,1
5314,09:19:00,09:19:00,8,3,,0,0,1
5314,09:29:00,09:29:00,18,4,,0,0,1
5314,09:33:00,09:33:00,17,5,,0,0,1
5317,09:39:00,09:39:00,87,1,,0,0,1
5317,09:46:00,09:46:00,20,2,,0,0,1
5317,09:58:00,09:58:00,19,3,,0,0,1
5317,10:07:00,10:07:00,4,4,,0,0,1
5317,10:10:00,10:10:00,17,5,,0,0,1
5318,09:50:00,09:50:00,87,1,,0,0,1
5318,09:57:00,09:57:00,20,2,,0,0,1
5318,10:07:00,10:07:00,8,3,,0,0,1
5318,10:17:00,10:17:00,18,4,,0,0,1
5318,10:21:00,10:21:00,17,5,,0,0,1
5350,06:14:00,06:14:00,17,1,,0,0,1
5350,06:20:00,06:20:00,4,2,,0,0,1
5350,06:29:00,06:29:00,19,3,,0,0,1
5350,06:41:00,06:41:00,20,4,,0,0,1
5350,06:45:00,06:45:00,87,5,,0,0,1
5351,06:26:00,06:26:00,17,1,,0,0,1
5351,06:33:00,06:33:00,18,2,,0,0,1
5351,06:43:00,06:43:00,8,3,,0,0,1
5351,06:53:00,06:53:00,20,4,,0,0,1
5351,06:57:00,06:57:00,87,5,,0,0,1
5352,06:39:00,06:39:00,17,1,,0,0,1
5352,06:45:00,06:45:00,4,2,,0,0,1
5352,06:54:00,06:54:00,19,3,,0,0,1
5352,07:06:00,07:06:00,20,4,,0,0,1
5352,07:10:00,07:10:00,87,5,,0,0,1
5353,06:50:00,06:50:00,17,1,,0,0,1
5353,06:57:00,06:57:00,18,2,,0,0,1
5353,07:07:00,07:07:00,8,3,,0,0,1
5353,07:17:00,07:17:00,20,4,,0,0,1
5353,07:21:00,07:21:00,87,5,,0,0,1
5354,07:02:00,07:02:00,17,1,,0,0,1
5354,07:08:00,07:08:00,4,2,,0,0,1
5354,07:17:00,07:17:00,19,3,,0,0,1
5354,07:29:00,07:29:00,20,4,,0,0,1
5354,07:33:00,07:33:00,87,5,,0,0,1
5355,07:14:00,07:14:00,17,1,,0,0,1
5355,07:21:00,07:21:00,18,2,,0,0,1
5355,07:31:00,07:31:00,8,3,,0,0,1
5355,07:41:00,07:41:00,20,4,,0,0,1
5355,07:45:00,07:45:00,87,5,,0,0,1
5356,07:26:00,07:26:00,17,1,,0,0,1
5356,07:32:00,07:32:00,4,2,,0,0,1
5356,07:41:00,07:41:00,19,3,,0,0,1
5356,07:53:00,07:53:00,20,4,,0,0,1
5356,07:57:00,07:57:00,87,5,,0,0,1
5358,07:51:00,07:51:00,17,1,,0,0,1
5358,07:57:00,07:57:00,4,2,,0,0,1
5358,08:06:00,08:06:00,19,3,,0,0,1
5358,08:18:00,08:18:00,20,4,,0,0,1
5358,08:22:00,08:22:00,87,5,,0,0,1
5359,08:02:00,08:02:00,17,1,,0,0,1
5359,08:09:00,08:09:00,18,2,,0,0,1
5359,08:19:00,08:19:00,8,3,,0,0,1
5359,08:29:00,08:29:00,20,4,,0,0,1
5359,08:33:00,08:33:00,87,5,,0,0,1
5361,08:26:00,08:26:00,17,1,,0,0,1
5361,08:33:00,08:33:00,18,2,,0,0,1
5361,08:43:00,08:43:00,8,3,,0,0,1
5361,08:53:00,08:53:00,20,4,,0,0,1
5361,08:57:00,08:57:00,87,5,,0,0,1
5364,09:03:00,09:03:00,17,1,,0,0,1
5364,09:09:00,09:09:00,4,2,,0,0,1
5364,09:18:00,09:18:00,19,3,,0,0,1
5364,09:30:00,09:30:00,20,4,,0,0,1
5364,09:34:00,09:34:00,87,5,,0,0,1
5365,09:14:00,09:14:00,17,1,,0,0,1
5365,09:21:00,09:21:00,18,2,,0,0,1
5365,09:31:00,09:31:00,8,3,,0,0,1
5365,09:41:00,09:41:00,20,4,,0,0,1
5365,09:45:00,09:45:00,87,5,,0,0,1
5367,09:38:00,09:38:00,17,1,,0,0,1
5367,09:45:00,09:45:00,18,2,,0,0,1
5367,09:55:00,09:55:00,8,3,,0,0,1
5367,10:05:00,10:05:00,20,4,,0,0,1
5367,10:09:00,10:09:00,87,5,,0,0,1
5400,05:05:00,05:05:00,88,1,,0,0,1
5400,05:47:00,05:47:00,118,2,,0,0,1
5400,06:05:00,06:05:00,87,3,,0,0,1
5400,06:19:00,06:19:00,114,4,,0,0,1
5400,06:28:00,06:28:00,17,5,,0,0,1
5400,06:46:00,06:46:00,113,6,,0,0,1
5400,07:05:00,07:05:00,112,7,,0,0,1
5400,07:08:00,07:08:00,141,8,,0,0,1
5401,05:49:00,05:49:00,88,1,,0,0,1
5401,06:31:00,06:31:00,118,2,,0,0,1
5401,06:49:00,06:49:00,87,3,,0,0,1
5401,07:03:00,07:03:00,114,4,,0,0,1
5401,07:12:00,07:12:00,17,5,,0,0,1
5401,07:30:00,07:30:00,113,6,,0,0,1
5401,07:49:00,07:49:00,112,7,,0,0,1
5401,07:52:00,07:52:00,141,8,,0,0,1
5402,06:33:00,06:33:00,88,1,,0,0,1
5402,07:15:00,07:15:00,118,2,,0,0,1
5402,07:33:00,07:33:00,87,3,,0,0,1
5402,07:47:00,07:47:00,114,4,,0,0,1
5402,07:56:00,07:56:00,17,5,,0,0,1
5402,08:14:00,08:14:00,113,6,,0,0,1
5402,08:33:00,08:33:00,112,7,,0,0,1
5402,08:36:00,08:36:00,141,8,,0,0,1
5403,07:59:00,07:59:00,88,1,,0,0,1
5403,08:41:00,08:41:00,118,2,,0,0,1
5403,08:59:00,08:59:00,87,3,,0,0,1
5403,09:13:00,09:13:00,114,4,,0,0,1
5403,09:22:00,09:22:00,17,5,,0,0,1
5403,09:40:00,09:40:00,113,6,,0,0,1
5403,09:59:00,09:59:00,112,7,,0,0,1
5403,10:02:00,10:02:00,141,8,,0,0,1
5404,08:43:00,08:43:00,88,1,,0,0,1
5404,09:25:00,09:25:00,118,2,,0,0,1
5404,09:43:00,09:43:00,87,3,,0,0,1
5404,09:57:00,09:57:00,114,4,,0,0,1
5404,10:06:00,10:06:00,17,5,,0,0,1
5404,10:24:00,10:24:00,113,6,,0,0,1
5404,10:43:00,10:43:00,112,7,,0,0,1
5404,10:46:00,10:46:00,141,8,,0,0,1
5418,05:47:00,05:47:00,141,1,,0,0,1
5418,05:55:00,05:55:00,112,2,,0,0,1
5418,06:14:00,06:14:00,113,3,,0,0,1
5418,06:28:00,06:28:00,17,4,,0,0,1
5418,06:35:00,06:35:00,114,5,,0,0,1
5418,06:54:00,06:54:00,87,6,,0,0,1
5418,07:10:00,07:10:00,118,7,,0,0,1
5418,07:49:00,07:49:00,88,8,,0,0,1
5419,06:31:00,06:31:00,141,1,,0,0,1
5419,06:39:00,06:39:00,112,2,,0,0,1
5419,06:58:00,06:58:00,113,3,,0,0,1
5419,07:12:00,07:12:00,17,4,,0,0,1
5419,07:19:00,07:19:00,114,5,,0,0,1
5419,07:38:00,07:38:00,87,6,,0,0,1
5419,07:54:00,07:54:00,118,7,,0,0,1
5419,08:33:00,08:33:00,88,8,,0,0,1
5420,07:14:00,07:14:00,141,1,,0,0,1
5420,07:22:00,07:22:00,112,2,,0,0,1
5420,07:41:00,07:41:00,113,3,,0,0,1
5420,07:55:00,07:55:00,17,4,,0,0,1
5420,08:02:00,08:02:00,114,5,,0,0,1
5420,08:21:00,08:21:00,87,6,,0,0,1
5420,08:37:00,08:37:00,118,7,,0,0,1
5420,09:16:00,09:16:00,88,8,,0,0,1
5421,07:58:00,07:58:00,141,1,,0,0,1
5421,08:06:00,08:06:00,112,2,,0,0,1
5421,08:25:00,08:25:00,113,3,,0,0,1
5421,08:39:00,08:39:00,17,4,,0,0,1
5421,08:46:00,08:46:00,114,5,,0,0,1
5421,09:05:00,09:05:00,87,6,,0,0,1
5421,09:21:00,09:21:00,118,7,,0,0,1
5421,10:00:00,10:00:00,88,8,,0,0,1
5423,09:24:00,09:24:00,141,1,,0,0,1
5423,09:32:00,09:32:00,112,2,,0,0,1
5423,09:51:00,09:51:00,113,3,,0,0,1
5423,10:05:00,10:05:00,17,4,,0,0,1
5423,10:12:00,10:12:00,114,5,,0,0,1
5423,10:31:00,10:31:00,87,6,,0,0,1
5423,10:47:00,10:47:00,118,7,,0,0,1
5423,11:26:00,11:26:00,88,8,,0,0,1
5424,10:08:00,10:08:00,141,1,,0,0,1
5424,10:16:00,10:16:00,112,2,,0,0,1
5424,10:35:00,10:35:00,113,3,,0,0,1
5424,10:49:00,10:49:00,17,4,,0,0,1
5424,10:56:00,10:56:00,114,5,,0,0,1
5424,11:15:00,11:15:00,87,6,,0,0,1
5424,11:31:00,11:31:00,118,7,,0,0,1
5424,12:10:00,12:10:00,88,8,,0,0,1
5425,10:52:00,10:52:00,141,1,,0,0,1
5425,11:00:00,11:00:00,112,2,,0,0,1
5425,11:19:00,11:19:00,113,3,,0,0,1
5425,11:33:00,11:33:00,17,4,,0,0,1
5425,11:40:00,11:40:00,114,5,,0,0,1
5425,11:59:00,11:59:00,87,6,,0,0,1
5425,12:15:00,12:15:00,118,7,,0,0,1
5425,12:54:00,12:54:00,88,8,,0,0,1
5437,06:21:00,06:21:00,137,1,,0,0,1
5437,06:32:00,06:32:00,23,2,,0,0,1
5437,06:49:00,06:49:00,11,3,,0,0,1
5437,06:53:00,06:53:00,87,4,,0,0,1
5438,06:22:00,06:22:00,138,1,,0,0,1
5438,06:37:00,06:37:00,136,2,,0,0,1
5438,06:58:00,06:58:00,137,3,,0,0,1
5438,07:09:00,07:09:00,23,4,,0,0,1
5438,07:26:00,07:26:00,11,5,,0,0,1
5438,07:30:00,07:30:00,87,6,,0,0,1
5439,06:54:00,06:54:00,138,1,,0,0,1
5439,07:09:00,07:09:00,136,2,,0,0,1
5439,07:30:00,07:30:00,137,3,,0,0,1
5439,07:41:00,07:41:00,23,4,,0,0,1
5439,07:58:00,07:58:00,11,5,,0,0,1
5439,08:02:00,08:02:00,87,6,,0,0,1
5440,07:30:00,07:30:00,138,1,,0,0,1
5440,07:45:00,07:45:00,136,2,,0,0,1
5440,08:06:00,08:06:00,137,3,,0,0,1
5440,08:17:00,08:17:00,23,4,,0,0,1
5440,08:34:00,08:34:00,11,5,,0,0,1
5440,08:38:00,08:38:00,87,6,,0,0,1
5441,08:14:00,08:14:00,138,1,,0,0,1
5441,08:29:00,08:29:00,136,2,,0,0,1
5441,08:50:00,08:50:00,137,3,,0,0,1
5441,09:01:00,09:01:00,23,4,,0,0,1
5441,09:18:00,09:18:00,11,5,,0,0,1
5441,09:22:00,09:22:00,87,6,,0,0,1
5442,08:51:00,08:51:00,138,1,,0,0,1
5442,09:06:00,09:06:00,136,2,,0,0,1
5442,09:27:00,09:27:00,137,3,,0,0,1
5442,09:38:00,09:38:00,23,4,,0,0,1
5442,09:55:00,09:55:00,11,5,,0,0,1
5442,09:59:00,09:59:00,87,6,,0,0,1
5443,09:23:00,09:23:00,138,1,,0,0,1
5443,09:38:00,09:38:00,136,2,,0,0,1
5443,09:59:00,09:59:00,137,3,,0,0,1
5443,10:10:00,10:10:00,23,4,,0,0,1
5443,10:27:00,10:27:00,11,5,,0,0,1
5443,10:31:00,10:31:00,87,6,,0,0,1
5444,10:13:00,10:13:00,138,1,,0,0,1
5444,10:28:00,10:28:00,136,2,,0,0,1
5444,10:49:00,10:49:00,137,3,,0,0,1
5444,11:00:00,11:00:00,23,4,,0,0,1
5444,11:17:00,11:17:00,11,5,,0,0,1
5444,11:21:00,11:21:00,87,6,,0,0,1
5445,11:20:00,11:20:00,138,1,,0,0,1
5445,11:35:00,11:35:00,136,2,,0,0,1
5445,11:56:00,11:56:00,137,3,,0,0,1
5445,12:07:00,12:07:00,23,4,,0,0,1
5445,12:24:00,12:24:00,11,5,,0,0,1
5445,12:28:00,12:28:00,87,6,,0,0,1
5446,12:10:00,12:10:00,138,1,,0,0,1
5446,12:25:00,12:25:00,136,2,,0,0,1
5446,12:46:00,12:46:00,137,3,,0,0,1
5446,12:57:00,12:57:00,23,4,,0,0,1
5446,13:14:00,13:14:00,11,5,,0,0,1
5446,13:18:00,13:18:00,87,6,,0,0,1
5447,13:00:00,13:00:00,138,1,,0,0,1
5447,13:15:00,13:15:00,136,2,,0,0,1
5447,13:36:00,13:36:00,137,3,,0,0,1
5447,13:47:00,13:47:00,23,4,,0,0,1
5447,14:04:00,14:04:00,11,5,,0,0,1
5447,14:08:00,14:08:00,87,6,,0,0,1
5448,13:50:00,13:50:00,138,1,,0,0,1
5448,14:05:00,14:05:00,136,2,,0,0,1
5448,14:26:00,14:26:00,137,3,,0,0,1
5448,14:37:00,14:37:00,23,4,,0,0,1
5448,14:54:00,14:54:00,11,5,,0,0,1
5448,14:58:00,14:58:00,87,6,,0,0,1
5449,14:40:00,14:40:00,138,1,,0,0,1
5449,14:55:00,14:55:00,136,2,,0,0,1
5449,15:16:00,15:16:00,137,3,,0,0,1
5449,15:27:00,15:27:00,23,4,,0,0,1
5449,15:44:00,15:44:00,11,5,,0,0,1
5449,15:48:00,15:48:00,87,6,,0,0,1
5450,15:30:00,15:30:00,138,1,,0,0,1
5450,15:45:00,15:45:00,136,2,,0,0,1
5450,16:06:00,16:06:00,137,3,,0,0,1
5450,16:17:00,16:17:00,23,4,,0,0,1
5450,16:34:00,16:34:00,11,5,,0,0,1
5450,16:38:00,16:38:00,87,6,,0,0,1
5451,16:20:00,16:20:00,138,1,,0,0,1
5451,16:35:00,16:35:00,136,2,,0,0,1
5451,16:56:00,16:56:00,137,3,,0,0,1
5451,17:07:00,17:07:00,23,4,,0,0,1
5451,17:24:00,17:24:00,11,5,,0,0,1
5451,17:28:00,17:28:00,87,6,,0,0,1
5452,16:54:00,16:54:00,138,1,,0,0,1
5452,17:09:00,17:09:00,136,2,,0,0,1
5452,17:30:00,17:30:00,137,3,,0,0,1
5452,17:41:00,17:41:00,23,4,,0,0,1
5452,17:58:00,17:58:00,11,5,,0,0,1
5452,18:02:00,18:02:00,87,6,,0,0,1
5453,17:31:00,17:31:00,138,1,,0,0,1
5453,17:46:00,17:46:00,136,2,,0,0,1
5453,18:07:00,18:07:00,137,3,,0,0,1
5453,18:18:00,18:18:00,23,4,,0,0,1
5453,18:35:00,18:35:00,11,5,,0,0,1
5453,18:39:00,18:39:00,87,6,,0,0,1
5454,18:04:00,18:04:00,138,1,,0,0,1
5454,18:19:00,18:19:00,136,2,,0,0,1
5454,18:40:00,18:40:00,137,3,,0,0,1
5454,18:51:00,18:51:00,23,4,,0,0,1
5454,19:08:00,19:08:00,11,5,,0,0,1
5454,19:12:00,19:12:00,87,6,,0,0,1
5455,18:49:00,18:49:00,138,1,,0,0,1
5455,19:04:00,19:04:00,136,2,,0,0,1
5455,19:25:00,19:25:00,137,3,,0,0,1
5455,19:36:00,19:36:00,23,4,,0,0,1
5455,19:53:00,19:53:00,11,5,,0,0,1
5455,19:57:00,19:57:00,87,6,,0,0,1
5456,19:26:00,19:26:00,138,1,,0,0,1
5456,19:41:00,19:41:00,136,2,,0,0,1
5456,20:02:00,20:02:00,137,3,,0,0,1
5456,20:13:00,20:13:00,23,4,,0,0,1
5456,20:30:00,20:30:00,11,5,,0,0,1
5456,20:34:00,20:34:00,87,6,,0,0,1
5457,20:12:00,20:12:00,138,1,,0,0,1
5457,20:27:00,20:27:00,136,2,,0,0,1
5457,20:48:00,20:48:00,137,3,,0,0,1
5457,20:59:00,20:59:00,23,4,,0,0,1
5457,21:16:00,21:16:00,11,5,,0,0,1
5457,21:20:00,21:20:00,87,6,,0,0,1
5458,21:00:00,21:00:00,138,1,,0,0,1
5458,21:15:00,21:15:00,136,2,,0,0,1
5458,21:36:00,21:36:00,137,3,,0,0,1
5458,21:47:00,21:47:00,23,4,,0,0,1
5458,22:04:00,22:04:00,11,5,,0,0,1
5458,22:08:00,22:08:00,87,6,,0,0,1
5459,06:16:00,06:16:00,137,1,,0,0,1
5459,06:36:00,06:36:00,136,2,,0,0,1
5459,06:48:00,06:48:00,138,3,,0,0,1
5460,06:15:00,06:15:00,87,1,,0,0,1
5460,06:22:00,06:22:00,11,2,,0,0,1
5460,06:40:00,06:40:00,23,3,,0,0,1
5460,06:52:00,06:52:00,137,4,,0,0,1
5460,07:12:00,07:12:00,136,5,,0,0,1
5460,07:24:00,07:24:00,138,6,,0,0,1
5461,06:59:00,06:59:00,87,1,,0,0,1
5461,07:06:00,07:06:00,11,2,,0,0,1
5461,07:24:00,07:24:00,23,3,,0,0,1
5461,07:36:00,07:36:00,137,4,,0,0,1
5461,07:56:00,07:56:00,136,5,,0,0,1
5461,08:08:00,08:08:00,138,6,,0,0,1
5462,07:36:00,07:36:00,87,1,,0,0,1
5462,07:43:00,07:43:00,11,2,,0,0,1
5462,08:01:00,08:01:00,23,3,,0,0,1
5462,08:13:00,08:13:00,137,4,,0,0,1
5462,08:33:00,08:33:00,136,5,,0,0,1
5462,08:45:00,08:45:00,138,6,,0,0,1
5463,08:08:00,08:08:00,87,1,,0,0,1
5463,08:15:00,08:15:00,11,2,,0,0,1
5463,08:33:00,08:33:00,23,3,,0,0,1
5463,08:45:00,08:45:00,137,4,,0,0,1
5463,09:05:00,09:05:00,136,5,,0,0,1
5463,09:17:00,09:17:00,138,6,,0,0,1
5464,08:44:00,08:44:00,87,1,,0,0,1
5464,08:51:00,08:51:00,11,2,,0,0,1
5464,09:09:00,09:09:00,23,3,,0,0,1
5464,09:21:00,09:21:00,137,4,,0,0,1
5464,09:41:00,09:41:00,136,5,,0,0,1
5464,09:53:00,09:53:00,138,6,,0,0,1
5465,09:28:00,09:28:00,87,1,,0,0,1
5465,09:35:00,09:35:00,11,2,,0,0,1
5465,09:53:00,09:53:00,23,3,,0,0,1
5465,10:05:00,10:05:00,137,4,,0,0,1
5465,10:25:00,10:25:00,136,5,,0,0,1
5465,10:37:00,10:37:00,138,6,,0,0,1
5466,10:05:00,10:05:00,87,1,,0,0,1
5466,10:12:00,10:12:00,11,2,,0,0,1
5466,10:30:00,10:30:00,23,3,,0,0,1
5466,10:42:00,10:42:00,137,4,,0,0,1
5466,11:02:00,11:02:00,136,5,,0,0,1
5466,11:14:00,11:14:00,138,6,,0,0,1
5467,10:37:00,10:37:00,87,1,,0,0,1
5467,10:44:00,10:44:00,11,2,,0,0,1
5467,11:02:00,11:02:00,23,3,,0,0,1
5467,11:14:00,11:14:00,137,4,,0,0,1
5467,11:34:00,11:34:00,136,5,,0,0,1
5467,11:46:00,11:46:00,138,6,,0,0,1
5468,11:27:00,11:27:00,87,1,,0,0,1
5468,11:34:00,11:34:00,11,2,,0,0,1
5468,11:52:00,11:52:00,23,3,,0,0,1
5468,12:04:00,12:04:00,137,4,,0,0,1
5468,12:24:00,12:24:00,136,5,,0,0,1
5468,12:36:00,12:36:00,138,6,,0,0,1
5469,12:34:00,12:34:00,87,1,,0,0,1
5469,12:41:00,12:41:00,11,2,,0,0,1
5469,12:59:00,12:59:00,23,3,,0,0,1
5469,13:11:00,13:11:00,137,4,,0,0,1
5469,13:31:00,13:31:00,136,5,,0,0,1
5469,13:43:00,13:43:00,138,6,,0,0,1
5470,13:24:00,13:24:00,87,1,,0,0,1
5470,13:31:00,13:31:00,11,2,,0,0,1
5470,13:49:00,13:49:00,23,3,,0,0,1
5470,14:01:00,14:01:00,137,4,,0,0,1
5470,14:21:00,14:21:00,136,5,,0,0,1
5470,14:33:00,14:33:00,138,6,,0,0,1
5471,14:14:00,14:14:00,87,1,,0,0,1
5471,14:21:00,14:21:00,11,2,,0,0,1
5471,14:39:00,14:39:00,23,3,,0,0,1
5471,14:51:00,14:51:00,137,4,,0,0,1
5471,15:11:00,15:11:00,136,5,,0,0,1
5471,15:23:00,15:23:00,138,6,,0,0,1
5472,15:04:00,15:04:00,87,1,,0,0,1
5472,15:11:00,15:11:00,11,2,,0,0,1
5472,15:29:00,15:29:00,23,3,,0,0,1
5472,15:41:00,15:41:00,137,4,,0,0,1
5472,16:01:00,16:01:00,136,5,,0,0,1
5472,16:13:00,16:13:00,138,6,,0,0,1
5473,15:54:00,15:54:00,87,1,,0,0,1
5473,16:01:00,16:01:00,11,2,,0,0,1
5473,16:19:00,16:19:00,23,3,,0,0,1
5473,16:31:00,16:31:00,137,4,,0,0,1
5473,16:51:00,16:51:00,136,5,,0,0,1
5473,17:03:00,17:03:00,138,6,,0,0,1
5474,16:44:00,16:44:00,87,1,,0,0,1
5474,16:51:00,16:51:00,11,2,,0,0,1
5474,17:09:00,17:09:00,23,3,,0,0,1
5474,17:21:00,17:21:00,137,4,,0,0,1
5474,17:41:00,17:41:00,136,5,,0,0,1
5474,17:53:00,17:53:00,138,6,,0,0,1
5475,17:34:00,17:34:00,87,1,,0,0,1
5475,17:41:00,17:41:00,11,2,,0,0,1
5475,17:59:00,17:59:00,23,3,,0,0,1
5475,18:11:00,18:11:00,137,4,,0,0,1
5475,18:31:00,18:31:00,136,5,,0,0,1
5475,18:43:00,18:43:00,138,6,,0,0,1
5476,18:08:00,18:08:00,87,1,,0,0,1
5476,18:15:00,18:15:00,11,2,,0,0,1
5476,18:33:00,18:33:00,23,3,,0,0,1
5476,18:45:00,18:45:00,137,4,,0,0,1
5476,19:05:00,19:05:00,136,5,,0,0,1
5476,19:17:00,19:17:00,138,6,,0,0,1
5477,18:53:00,18:53:00,87,1,,0,0,1
5477,19:00:00,19:00:00,11,2,,0,0,1
5477,19:18:00,19:18:00,23,3,,0,0,1
5477,19:30:00,19:30:00,137,4,,0,0,1
5477,19:50:00,19:50:00,136,5,,0,0,1
5477,20:02:00,20:02:00,138,6,,0,0,1
5478,19:18:00,19:18:00,87,1,,0,0,1
5478,19:25:00,19:25:00,11,2,,0,0,1
5478,19:43:00,19:43:00,23,3,,0,0,1
5478,19:55:00,19:55:00,137,4,,0,0,1
5478,20:15:00,20:15:00,136,5,,0,0,1
5478,20:27:00,20:27:00,138,6,,0,0,1
5479,20:03:00,20:03:00,87,1,,0,0,1
5479,20:10:00,20:10:00,11,2,,0,0,1
5479,20:28:00,20:28:00,23,3,,0,0,1
5479,20:40:00,20:40:00,137,4,,0,0,1
5479,21:00:00,21:00:00,136,5,,0,0,1
5479,21:12:00,21:12:00,138,6,,0,0,1
5480,20:40:00,20:40:00,87,1,,0,0,1
5480,20:47:00,20:47:00,11,2,,0,0,1
5480,21:05:00,21:05:00,23,3,,0,0,1
5480,21:17:00,21:17:00,137,4,,0,0,1
5480,21:37:00,21:37:00,136,5,,0,0,1
5480,21:49:00,21:49:00,138,6,,0,0,1
5481,09:04:00,09:04:00,138,1,,0,0,1
5481,09:19:00,09:19:00,136,2,,0,0,1
5481,09:41:00,09:41:00,137,3,,0,0,1
5481,09:52:00,09:52:00,23,4,,0,0,1
5481,10:09:00,10:09:00,11,5,,0,0,1
5481,10:13:00,10:13:00,87,6,,0,0,1
5482,09:54:00,09:54:00,138,1,,0,0,1
5482,10:09:00,10:09:00,136,2,,0,0,1
5482,10:31:00,10:31:00,137,3,,0,0,1
5482,10:42:00,10:42:00,23,4,,0,0,1
5482,10:59:00,10:59:00,11,5,,0,0,1
5482,11:03:00,11:03:00,87,6,,0,0,1
5495,08:53:00,08:53:00,87,1,,0,0,1
5495,09:00:00,09:00:00,11,2,,0,0,1
5495,09:17:00,09:17:00,23,3,,0,0,1
5495,09:30:00,09:30:00,137,4,,0,0,1
5495,09:50:00,09:50:00,136,5,,0,0,1
5495,10:02:00,10:02:00,138,6,,0,0,1
5496,10:19:00,10:19:00,87,1,,0,0,1
5496,10:26:00,10:26:00,11,2,,0,0,1
5496,10:43:00,10:43:00,23,3,,0,0,1
5496,10:56:00,10:56:00,137,4,,0,0,1
5496,11:16:00,11:16:00,136,5,,0,0,1
5496,11:28:00,11:28:00,138,6,,0,0,1
5497,11:09:00,11:09:00,87,1,,0,0,1
5497,11:16:00,11:16:00,11,2,,0,0,1
5497,11:33:00,11:33:00,23,3,,0,0,1
5497,11:46:00,11:46:00,137,4,,0,0,1
5497,12:06:00,12:06:00,136,5,,0,0,1
5497,12:18:00,12:18:00,138,6,,0,0,1
5509,06:22:00,06:22:00,87,1,,0,0,1
5509,06:34:00,06:34:00,120,2,,0,0,1
5509,06:49:00,06:49:00,17,3,,0,0,1
5509,06:56:00,06:56:00,90,4,,0,0,1
5509,07:02:00,07:02:00,25,5,,0,0,1
5509,07:10:00,07:10:00,89,6,,0,0,1
5509,07:14:00,07:14:00,113,7,,0,0,1
5510,07:00:00,07:00:00,87,1,,0,0,1
5510,07:12:00,07:12:00,120,2,,0,0,1
5510,07:27:00,07:27:00,17,3,,0,0,1
5510,07:34:00,07:34:00,90,4,,0,0,1
5510,07:40:00,07:40:00,25,5,,0,0,1
5510,07:48:00,07:48:00,89,6,,0,0,1
5510,07:52:00,07:52:00,113,7,,0,0,1
5511,07:38:00,07:38:00,87,1,,0,0,1
5511,07:50:00,07:50:00,120,2,,0,0,1
5511,08:05:00,08:05:00,17,3,,0,0,1
5511,08:12:00,08:12:00,90,4,,0,0,1
5511,08:18:00,08:18:00,25,5,,0,0,1
5511,08:26:00,08:26:00,89,6,,0,0,1
5511,08:30:00,08:30:00,113,7,,0,0,1
5512,08:16:00,08:16:00,87,1,,0,0,1
5512,08:28:00,08:28:00,120,2,,0,0,1
5512,08:43:00,08:43:00,17,3,,0,0,1
5512,08:50:00,08:50:00,90,4,,0,0,1
5512,08:56:00,08:56:00,25,5,,0,0,1
5512,09:04:00,09:04:00,89,6,,0,0,1
5512,09:08:00,09:08:00,113,7,,0,0,1
5513,08:54:00,08:54:00,87,1,,0,0,1
5513,09:06:00,09:06:00,120,2,,0,0,1
5513,09:21:00,09:21:00,17,3,,0,0,1
5513,09:28:00,09:28:00,90,4,,0,0,1
5513,09:34:00,09:34:00,25,5,,0,0,1
5513,09:42:00,09:42:00,89,6,,0,0,1
5513,09:46:00,09:46:00,113,7,,0,0,1
5514,09:32:00,09:32:00,87,1,,0,0,1
5514,09:44:00,09:44:00,120,2,,0,0,1
5514,09:59:00,09:59:00,17,3,,0,0,1
5514,10:06:00,10:06:00,90,4,,0,0,1
5514,10:12:00,10:12:00,25,5,,0,0,1
5514,10:20:00,10:20:00,89,6,,0,0,1
5514,10:24:00,10:24:00,113,7,,0,0,1
5528,06:03:00,06:03:00,113,1,,0,0,1
5528,06:09:00,06:09:00,89,2,,0,0,1
5528,06:17:00,06:17:00,25,3,,0,0,1
5528,06:23:00,06:23:00,90,4,,0,0,1
5528,06:30:00,06:30:00,17,5,,0,0,1
5528,06:44:00,06:44:00,120,6,,0,0,1
5528,06:54:00,06:54:00,87,7,,0,0,1
5529,06:41:00,06:41:00,113,1,,0,0,1
5529,06:47:00,06:47:00,89,2,,0,0,1
5529,06:55:00,06:55:00,25,3,,0,0,1
5529,07:01:00,07:01:00,90,4,,0,0,1
5529,07:08:00,07:08:00,17,5,,0,0,1
5529,07:22:00,07:22:00,120,6,,0,0,1
5529,07:32:00,07:32:00,87,7,,0,0,1
5530,07:19:00,07:19:00,113,1,,0,0,1
5530,07:25:00,07:25:00,89,2,,0,0,1
5530,07:33:00,07:33:00,25,3,,0,0,1
5530,07:39:00,07:39:00,90,4,,0,0,1
5530,07:46:00,07:46:00,17,5,,0,0,1
5530,08:00:00,08:00:00,120,6,,0,0,1
5530,08:10:00,08:10:00,87,7,,0,0,1
5531,07:57:00,07:57:00,113,1,,0,0,1
5531,08:03:00,08:03:00,89,2,,0,0,1
5531,08:11:00,08:11:00,25,3,,0,0,1
5531,08:17:00,08:17:00,90,4,,0,0,1
5531,08:24:00,08:24:00,17,5,,0,0,1
5531,08:38:00,08:38:00,120,6,,0,0,1
5531,08:48:00,08:48:00,87,7,,0,0,1
5532,08:35:00,08:35:00,113,1,,0,0,1
5532,08:41:00,08:41:00,89,2,,0,0,1
5532,08:49:00,08:49:00,25,3,,0,0,1
5532,08:55:00,08:55:00,90,4,,0,0,1
5532,09:02:00,09:02:00,17,5,,0,0,1
5532,09:16:00,09:16:00,120,6,,0,0,1
5532,09:26:00,09:26:00,87,7,,0,0,1
5533,09:13:00,09:13:00,113,1,,0,0,1
5533,09:19:00,09:19:00,89,2,,0,0,1
5533,09:27:00,09:27:00,25,3,,0,0,1
5533,09:33:00,09:33:00,90,4,,0,0,1
5533,09:40:00,09:40:00,17,5,,0,0,1
5533,09:54:00,09:54:00,120,6,,0,0,1
5533,10:04:00,10:04:00,87,7,,0,0,1
5534,09:51:00,09:51:00,113,1,,0,0,1
5534,09:57:00,09:57:00,89,2,,0,0,1
5534,10:05:00,10:05:00,25,3,,0,0,1
5534,10:11:00,10:11:00,90,4,,0,0,1
5534,10:18:00,10:18:00,17,5,,0,0,1
5534,10:32:00,10:32:00,120,6,,0,0,1
5534,10:42:00,10:42:00,87,7,,0,0,1
5535,10:29:00,10:29:00,113,1,,0,0,1
5535,10:35:00,10:35:00,89,2,,0,0,1
5535,10:43:00,10:43:00,25,3,,0,0,1
5535,10:49:00,10:49:00,90,4,,0,0,1
5535,10:56:00,10:56:00,17,5,,0,0,1
5535,11:10:00,11:10:00,120,6,,0,0,1
5535,11:20:00,11:20:00,87,7,,0,0,1
5549,08:03:00,08:03:00,17,1,,0,0,1
5549,08:15:00,08:15:00,115,2,,0,0,1
5549,08:24:00,08:24:00,87,3,,0,0,1
5549,08:31:00,08:31:00,11,4,,0,0,1
5549,08:39:00,08:39:00,24,5,,0,0,1
5549,08:43:00,08:43:00,111,6,,0,0,1
5550,09:33:00,09:33:00,17,1,,0,0,1
5550,09:45:00,09:45:00,115,2,,0,0,1
5550,09:54:00,09:54:00,87,3,,0,0,1
5550,10:01:00,10:01:00,11,4,,0,0,1
5550,10:09:00,10:09:00,24,5,,0,0,1
5550,10:13:00,10:13:00,111,6,,0,0,1
5559,08:48:00,08:48:00,111,1,,0,0,1
5559,08:55:00,08:55:00,24,2,,0,0,1
5559,09:03:00,09:03:00,11,3,,0,0,1
5559,09:11:00,09:11:00,87,4,,0,0,1
5559,09:18:00,09:18:00,115,5,,0,0,1
5559,09:27:00,09:27:00,17,6,,0,0,1
5560,10:18:00,10:18:00,111,1,,0,0,1
5560,10:25:00,10:25:00,24,2,,0,0,1
5560,10:33:00,10:33:00,11,3,,0,0,1
5560,10:41:00,10:41:00,87,4,,0,0,1
5560,10:48:00,10:48:00,115,5,,0,0,1
5560,10:57:00,10:57:00,17,6,,0,0,1
5568,05:18:00,05:18:00,62,1,,0,0,1
5568,05:20:00,05:20:00,61,2,,0,0,1
5568,05:24:00,05:24:00,37,3,,0,0,1
5568,05:27:00,05:27:00,103,4,,0,0,1
5568,05:33:00,05:33:00,105,5,,0,0,1
5568,05:36:00,05:36:00,39,6,,0,0,1
5568,05:40:00,05:40:00,104,7,,0,0,1
5568,05:42:00,05:42:00,142,8,,0,0,1
5568,05:48:00,05:48:00,16,9,,0,0,1
5569,06:02:00,06:02:00,62,1,,0,0,1
5569,06:04:00,06:04:00,61,2,,0,0,1
5569,06:08:00,06:08:00,37,3,,0,0,1
5569,06:11:00,06:11:00,103,4,,0,0,1
5569,06:17:00,06:17:00,105,5,,0,0,1
5569,06:20:00,06:20:00,39,6,,0,0,1
5569,06:24:00,06:24:00,104,7,,0,0,1
5569,06:26:00,06:26:00,142,8,,0,0,1
5569,06:32:00,06:32:00,16,9,,0,0,1
5570,06:44:00,06:44:00,62,1,,0,0,1
5570,06:46:00,06:46:00,61,2,,0,0,1
5570,06:50:00,06:50:00,37,3,,0,0,1
5570,06:53:00,06:53:00,103,4,,0,0,1
5570,06:59:00,06:59:00,105,5,,0,0,1
5570,07:02:00,07:02:00,39,6,,0,0,1
5570,07:06:00,07:06:00,104,7,,0,0,1
5570,07:08:00,07:08:00,142,8,,0,0,1
5570,07:14:00,07:14:00,16,9,,0,0,1
5571,07:28:00,07:28:00,62,1,,0,0,1
5571,07:30:00,07:30:00,61,2,,0,0,1
5571,07:34:00,07:34:00,37,3,,0,0,1
5571,07:37:00,07:37:00,103,4,,0,0,1
5571,07:43:00,07:43:00,105,5,,0,0,1
5571,07:46:00,07:46:00,39,6,,0,0,1
5571,07:50:00,07:50:00,104,7,,0,0,1
5571,07:52:00,07:52:00,142,8,,0,0,1
5571,07:58:00,07:58:00,16,9,,0,0,1
5572,08:12:00,08:12:00,62,1,,0,0,1
5572,08:14:00,08:14:00,61,2,,0,0,1
5572,08:18:00,08:18:00,37,3,,0,0,1
5572,08:21:00,08:21:00,103,4,,0,0,1
5572,08:27:00,08:27:00,105,5,,0,0,1
5572,08:30:00,08:30:00,39,6,,0,0,1
5572,08:34:00,08:34:00,104,7,,0,0,1
5572,08:36:00,08:36:00,142,8,,0,0,1
5572,08:42:00,08:42:00,16,9,,0,0,1
5578,17:50:00,17:50:00,62,1,,0,0,1
5578,17:52:00,17:52:00,61,2,,0,0,1
5578,17:56:00,17:56:00,37,3,,0,0,1
5578,17:59:00,17:59:00,103,4,,0,0,1
5578,18:05:00,18:05:00,105,5,,0,0,1
5578,18:08:00,18:08:00,39,6,,0,0,1
5578,18:12:00,18:12:00,104,7,,0,0,1
5578,18:14:00,18:14:00,142,8,,0,0,1
5578,18:20:00,18:20:00,16,9,,0,0,1
5580,05:50:00,05:50:00,16,1,,0,1,1
5580,05:56:00,05:56:00,149,2,,1,0,1
5580,06:00:00,06:00:00,43,3,,1,0,1
5580,06:03:00,06:03:00,150,4,,1,0,1
5580,06:09:00,06:09:00,151,5,,1,0,1
5580,06:12:00,06:12:00,45,6,,1,0,1
5580,06:16:00,06:16:00,46,7,,1,0,1
5580,06:18:00,06:18:00,62,8,,0,0,1
5581,06:34:00,06:34:00,16,1,,0,1,1
5581,06:40:00,06:40:00,149,2,,1,0,1
5581,06:44:00,06:44:00,43,3,,1,0,1
5581,06:47:00,06:47:00,150,4,,1,0,1
5581,06:53:00,06:53:00,151,5,,1,0,1
5581,06:56:00,06:56:00,45,6,,1,0,1
5581,07:00:00,07:00:00,46,7,,1,0,1
5581,07:02:00,07:02:00,62,8,,0,0,1
5582,07:16:00,07:16:00,16,1,,0,1,1
5582,07:22:00,07:22:00,149,2,,1,0,1
5582,07:26:00,07:26:00,43,3,,1,0,1
5582,07:29:00,07:29:00,150,4,,1,0,1
5582,07:35:00,07:35:00,151,5,,1,0,1
5582,07:38:00,07:38:00,45,6,,1,0,1
5582,07:42:00,07:42:00,46,7,,1,0,1
5582,07:44:00,07:44:00,62,8,,0,0,1
5583,08:00:00,08:00:00,16,1,,0,1,1
5583,08:06:00,08:06:00,149,2,,1,0,1
5583,08:10:00,08:10:00,43,3,,1,0,1
5583,08:13:00,08:13:00,150,4,,1,0,1
5583,08:19:00,08:19:00,151,5,,1,0,1
5583,08:22:00,08:22:00,45,6,,1,0,1
5583,08:26:00,08:26:00,46,7,,1,0,1
5583,08:28:00,08:28:00,62,8,,0,0,1
5584,08:44:00,08:44:00,16,1,,0,1,1
5584,08:50:00,08:50:00,149,2,,1,0,1
5584,08:54:00,08:54:00,43,3,,1,0,1
5584,08:57:00,08:57:00,150,4,,1,0,1
5584,09:03:00,09:03:00,151,5,,1,0,1
5584,09:06:00,09:06:00,45,6,,1,0,1
5584,09:10:00,09:10:00,46,7,,1,0,1
5584,09:12:00,09:12:00,62,8,,0,0,1
5590,18:22:00,18:22:00,16,1,,0,1,1
5590,18:28:00,18:28:00,149,2,,1,0,1
5590,18:32:00,18:32:00,43,3,,1,0,1
5590,18:35:00,18:35:00,150,4,,1,0,1
5590,18:41:00,18:41:00,151,5,,1,0,1
5590,18:44:00,18:44:00,45,6,,1,0,1
5590,18:48:00,18:48:00,46,7,,1,0,1
5590,18:50:00,18:50:00,62,8,,0,0,1
5592,05:33:00,05:33:00,48,1,,0,0,1
5592,05:35:00,05:35:00,49,2,,0,0,1
5592,05:36:00,05:36:00,50,3,,0,0,1
5592,05:38:00,05:38:00,51,4,,0,0,1
5592,05:40:00,05:40:00,52,5,,0,0,1
5592,05:42:00,05:42:00,145,6,,0,0,1
5592,05:48:00,05:48:00,16,7,,0,0,1
5593,06:17:00,06:17:00,48,1,,0,0,1
5593,06:19:00,06:19:00,49,2,,0,0,1
5593,06:20:00,06:20:00,50,3,,0,0,1
5593,06:22:00,06:22:00,51,4,,0,0,1
5593,06:24:00,06:24:00,52,5,,0,0,1
5593,06:26:00,06:26:00,145,6,,0,0,1
5593,06:32:00,06:32:00,16,7,,0,0,1
5594,06:59:00,06:59:00,48,1,,0,0,1
5594,07:01:00,07:01:00,49,2,,0,0,1
5594,07:02:00,07:02:00,50,3,,0,0,1
5594,07:04:00,07:04:00,51,4,,0,0,1
5594,07:06:00,07:06:00,52,5,,0,0,1
5594,07:08:00,07:08:00,145,6,,0,0,1
5594,07:14:00,07:14:00,16,7,,0,0,1
5595,07:43:00,07:43:00,48,1,,0,0,1
5595,07:45:00,07:45:00,49,2,,0,0,1
5595,07:46:00,07:46:00,50,3,,0,0,1
5595,07:48:00,07:48:00,51,4,,0,0,1
5595,07:50:00,07:50:00,52,5,,0,0,1
5595,07:52:00,07:52:00,145,6,,0,0,1
5595,07:58:00,07:58:00,16,7,,0,0,1
5596,08:27:00,08:27:00,48,1,,0,0,1
5596,08:29:00,08:29:00,49,2,,0,0,1
5596,08:30:00,08:30:00,50,3,,0,0,1
5596,08:32:00,08:32:00,51,4,,0,0,1
5596,08:34:00,08:34:00,52,5,,0,0,1
5596,08:36:00,08:36:00,145,6,,0,0,1
5596,08:42:00,08:42:00,16,7,,0,0,1
5602,18:05:00,18:05:00,48,1,,0,0,1
5602,18:07:00,18:07:00,49,2,,0,0,1
5602,18:08:00,18:08:00,50,3,,0,0,1
5602,18:10:00,18:10:00,51,4,,0,0,1
5602,18:12:00,18:12:00,52,5,,0,0,1
5602,18:14:00,18:14:00,145,6,,0,0,1
5602,18:20:00,18:20:00,16,7,,0,0,1
5604,05:50:00,05:50:00,16,1,,0,0,1
5604,05:56:00,05:56:00,55,2,,1,0,1
5604,05:58:00,05:58:00,56,3,,1,0,1
5604,06:00:00,06:00:00,57,4,,1,0,1
5604,06:02:00,06:02:00,58,5,,1,0,1
5604,06:03:00,06:03:00,49,6,,1,0,1
5604,06:05:00,06:05:00,48,7,,0,0,1
5605,06:34:00,06:34:00,16,1,,0,0,1
5605,06:40:00,06:40:00,55,2,,1,0,1
5605,06:42:00,06:42:00,56,3,,1,0,1
5605,06:44:00,06:44:00,57,4,,1,0,1
5605,06:46:00,06:46:00,58,5,,1,0,1
5605,06:47:00,06:47:00,49,6,,1,0,1
5605,06:49:00,06:49:00,48,7,,0,0,1
5606,07:16:00,07:16:00,16,1,,0,0,1
5606,07:22:00,07:22:00,55,2,,1,0,1
5606,07:24:00,07:24:00,56,3,,1,0,1
5606,07:26:00,07:26:00,57,4,,1,0,1
5606,07:28:00,07:28:00,58,5,,1,0,1
5606,07:29:00,07:29:00,49,6,,1,0,1
5606,07:31:00,07:31:00,48,7,,0,0,1
5607,08:00:00,08:00:00,16,1,,0,0,1
5607,08:06:00,08:06:00,55,2,,1,0,1
5607,08:08:00,08:08:00,56,3,,1,0,1
5607,08:10:00,08:10:00,57,4,,1,0,1
5607,08:12:00,08:12:00,58,5,,1,0,1
5607,08:13:00,08:13:00,49,6,,1,0,1
5607,08:15:00,08:15:00,48,7,,0,0,1
5608,08:44:00,08:44:00,16,1,,0,0,1
5608,08:50:00,08:50:00,55,2,,1,0,1
5608,08:52:00,08:52:00,56,3,,1,0,1
5608,08:54:00,08:54:00,57,4,,1,0,1
5608,08:56:00,08:56:00,58,5,,1,0,1
5608,08:57:00,08:57:00,49,6,,1,0,1
5608,08:59:00,08:59:00,48,7,,0,0,1
5614,18:22:00,18:22:00,16,1,,0,0,1
5614,18:28:00,18:28:00,55,2,,1,0,1
5614,18:30:00,18:30:00,56,3,,1,0,1
5614,18:32:00,18:32:00,57,4,,1,0,1
5614,18:34:00,18:34:00,58,5,,1,0,1
5614,18:35:00,18:35:00,49,6,,1,0,1
5614,18:37:00,18:37:00,48,7,,0,0,1
